date,product_type,region,market_segment,supplier,transport_mode,actual_demand_units,planned_order_units,avg_selling_price_usd,revenue_usd,opening_stock_units,safety_stock_units,reorder_point_units,lead_time_days,supplier_delay_days,shipping_time_days,logistics_cost_usd,disruption_type,disruption_severity_1_to_5,fulfilled_units,stockout_units,service_level_pct,supplier_risk_score,risk_level,dashboard_color_code,bullwhip_ratio_proxy,demand_spike_flag,delay_flag,source_note,month
2022-01-01,Analog IC,Asia-Pacific,Automotive,Supplier_C,Sea,6585,6353,6.22,40958.7,6814,1646,4280,12,5,25,670.63,Supplier Delay,5,6585,0,100.0,67.9,High,Red,1.048,0,1,Synthetic dataset created for academic semiconductor SCM simulation,1
2022-01-02,Memory Chip,India,Computing,Supplier_C,Air,15220,17349,12.73,193750.6,17905,3805,9893,22,0,5,7877.65,Demand Spike,2,15220,0,100.0,18.4,Low,Green,1.291,1,0,Synthetic dataset created for academic semiconductor SCM simulation,1
2022-01-03,Logic IC,Asia-Pacific,Telecom,Supplier_A,Road,7949,7811,2.83,22495.67,8124,1987,5166,33,0,18,1459.44,Logistics Delay,5,7949,0,100.0,60.4,Medium,Orange,1.023,0,1,Synthetic dataset created for academic semiconductor SCM simulation,1
2022-01-04,Power IC,Europe,Consumer Electronics,Supplier_C,Air,3772,3693,7.9,29798.8,4305,943,2451,17,0,4,1546.85,Unknown,0,3772,0,100.0,0.0,Low,Green,0.944,0,0,Synthetic dataset created for academic semiconductor SCM simulation,1
2022-01-05,Microcontroller,Europe,Telecom,Supplier_C,Air,6305,6217,6.64,41865.2,7076,1576,4098,32,0,16,2772.23,Logistics Delay,3,6305,0,100.0,41.6,Medium,Orange,1.042,0,1,Synthetic dataset created for academic semiconductor SCM simulation,1
2022-01-06,Logic IC,India,Industrial,Supplier_B,Sea,9423,9097,2.59,24405.57,12688,2355,6124,15,0,31,1015.17,Unknown,0,9423,0,100.0,15.2,Low,Green,1.045,0,0,Synthetic dataset created for academic semiconductor SCM simulation,1
2022-01-07,Logic IC,Asia-Pacific,Automotive,Supplier_E,Road,7467,7294,2.13,15904.71,7654,1866,4853,42,0,6,1371.35,Unknown,0,7467,0,100.0,26.4,Low,Green,1.077,0,0,Synthetic dataset created for academic semiconductor SCM simulation,1
2022-01-08,Memory Chip,Europe,Consumer Electronics,Supplier_E,Air,7888,8148,3.43,27055.84,4157,1972,5127,31,1,3,4052.13,Unknown,0,7888,0,100.0,16.7,Low,Green,1.107,0,1,Synthetic dataset created for academic semiconductor SCM simulation,1
2022-01-09,Microcontroller,Rest of World,Consumer Electronics,Supplier_B,Multimodal,6304,6638,11.06,69722.24,5322,1576,4097,29,1,20,1744.41,Unknown,0,6304,0,100.0,20.7,Low,Green,1.137,0,1,Synthetic dataset created for academic semiconductor SCM simulation,1
2022-01-10,Microcontroller,North America,Consumer Electronics,Supplier_A,Road,5765,6019,7.49,43179.85,2961,1441,3747,12,0,6,1324.18,Unknown,0,5765,0,100.0,0.0,Low,Green,1.054,0,0,Synthetic dataset created for academic semiconductor SCM simulation,1
2022-01-11,Analog IC,India,Consumer Electronics,Supplier_E,Sea,6134,6080,6.73,41281.82,6785,1533,3987,28,0,29,695.62,Unknown,0,6134,0,100.0,23.2,Low,Green,1.108,0,0,Synthetic dataset created for academic semiconductor SCM simulation,1
2022-01-12,Analog IC,Asia-Pacific,Automotive,Supplier_D,Road,6221,7270,6.22,38694.62,5826,1555,4043,25,0,6,1513.41,Demand Spike,1,6221,0,100.0,14.0,Low,Green,1.115,1,0,Synthetic dataset created for academic semiconductor SCM simulation,1
2022-01-13,Microcontroller,North America,Consumer Electronics,Supplier_D,Multimodal,4501,4565,11.26,50681.26,5949,1125,2925,28,1,19,1083.56,Logistics Delay,2,4501,0,100.0,34.7,Low,Green,1.11,0,1,Synthetic dataset created for academic semiconductor SCM simulation,1
2022-01-14,Logic IC,Asia-Pacific,Industrial,Supplier_A,Air,7598,7867,11.05,83957.9,8036,1899,4938,17,0,6,3563.55,Unknown,0,7598,0,100.0,0.0,Low,Green,1.045,0,0,Synthetic dataset created for academic semiconductor SCM simulation,1
2022-01-15,Microcontroller,Rest of World,Consumer Electronics,Supplier_E,Air,5373,5581,10.78,57920.94,3868,1343,3492,25,1,3,2581.95,Unknown,0,5373,0,100.0,9.5,Low,Green,1.069,0,1,Synthetic dataset created for academic semiconductor SCM simulation,1
2022-01-16,Microcontroller,Asia-Pacific,Telecom,Supplier_E,Air,5412,5337,4.42,23921.04,5862,1353,3517,25,2,4,2578.05,Unknown,0,5412,0,100.0,13.0,Low,Green,1.088,0,1,Synthetic dataset created for academic semiconductor SCM simulation,1
2022-01-17,Analog IC,Rest of World,Automotive,Supplier_E,Road,6739,6534,3.07,20688.73,4633,1684,4380,32,0,24,1353.53,Logistics Delay,3,6739,0,100.0,48.0,Medium,Orange,1.04,0,1,Synthetic dataset created for academic semiconductor SCM simulation,1
2022-01-18,Microcontroller,Asia-Pacific,Telecom,Supplier_C,Air,5782,6250,7.95,45966.9,2993,1445,3758,20,0,5,2370.11,Unknown,0,5782,0,100.0,0.0,Low,Green,1.266,0,0,Synthetic dataset created for academic semiconductor SCM simulation,1
2022-01-19,Memory Chip,Rest of World,Automotive,Supplier_C,Sea,8602,9536,12.89,110879.78,10715,2150,5591,13,2,25,1189.56,Unknown,0,8602,0,100.0,17.4,Low,Green,1.166,0,1,Synthetic dataset created for academic semiconductor SCM simulation,1
2022-01-20,Logic IC,North America,Consumer Electronics,Supplier_B,Sea,7517,7370,11.81,88775.77,9283,1879,4886,25,1,41,755.92,Logistics Delay,1,7517,0,100.0,40.7,Medium,Orange,1.142,0,1,Synthetic dataset created for academic semiconductor SCM simulation,1
2022-01-21,Memory Chip,North America,Telecom,Supplier_C,Road,9817,10427,6.58,64595.86,9155,2454,6381,20,2,11,2366.15,Unknown,0,9817,0,100.0,7.0,Low,Green,1.258,0,1,Synthetic dataset created for academic semiconductor SCM simulation,1
2022-01-22,Microcontroller,Europe,Consumer Electronics,Supplier_E,Road,4627,4864,5.18,23967.86,2266,1156,3007,27,0,11,884.44,Unknown,0,4627,0,100.0,8.4,Low,Green,1.113,0,0,Synthetic dataset created for academic semiconductor SCM simulation,1
2022-01-23,Logic IC,Rest of World,Consumer Electronics,Supplier_C,Multimodal,8603,8631,11.0,94633.0,6160,2150,5591,35,3,15,2114.36,Unknown,0,8603,0,100.0,30.9,Low,Green,0.985,0,1,Synthetic dataset created for academic semiconductor SCM simulation,1
2022-01-24,Sensor IC,India,Consumer Electronics,Supplier_E,Road,5849,6385,4.53,26495.97,3756,1462,3801,23,1,12,1252.76,Unknown,0,5849,0,100.0,7.1,Low,Green,1.166,0,1,Synthetic dataset created for academic semiconductor SCM simulation,1
2022-01-25,Analog IC,North America,Automotive,Supplier_C,Road,8013,8035,10.07,80690.91,8147,2003,5208,16,0,6,1563.8,Unknown,0,8013,0,100.0,0.0,Low,Green,1.001,0,0,Synthetic dataset created for academic semiconductor SCM simulation,1
2022-01-26,Analog IC,India,Telecom,Supplier_D,Sea,7485,7985,10.93,81811.05,9548,1871,4865,23,0,34,937.39,Unknown,0,7485,0,100.0,21.2,Low,Green,1.046,0,0,Synthetic dataset created for academic semiconductor SCM simulation,1
2022-01-27,Memory Chip,India,Computing,Supplier_E,Road,11052,11850,7.75,85653.0,11316,2763,7183,34,2,9,2193.35,Unknown,0,11052,0,100.0,23.8,Low,Green,1.224,0,1,Synthetic dataset created for academic semiconductor SCM simulation,1
2022-01-28,Logic IC,India,Consumer Electronics,Supplier_C,Multimodal,6847,6837,4.95,33892.65,4022,1711,4450,22,2,13,1665.35,Unknown,0,6847,0,100.0,10.2,Low,Green,1.002,0,1,Synthetic dataset created for academic semiconductor SCM simulation,1
2022-01-29,Sensor IC,India,Industrial,Supplier_E,Multimodal,5064,5589,7.06,35751.84,3639,1266,3291,36,2,10,1586.59,Unknown,0,5064,0,100.0,26.2,Low,Green,1.156,0,1,Synthetic dataset created for academic semiconductor SCM simulation,1
2022-01-30,Sensor IC,Rest of World,Computing,Supplier_E,Sea,5675,5654,6.17,35014.75,5281,1418,3688,28,0,23,742.73,Unknown,0,5675,0,100.0,18.4,Low,Green,1.172,0,0,Synthetic dataset created for academic semiconductor SCM simulation,1
2022-01-31,Logic IC,Rest of World,Automotive,Supplier_A,Multimodal,8088,8204,4.32,34940.16,7063,2022,5257,22,0,14,2265.24,Unknown,0,8088,0,100.0,4.0,Low,Green,1.154,0,0,Synthetic dataset created for academic semiconductor SCM simulation,1
2022-02-01,Microcontroller,Europe,Consumer Electronics,Supplier_A,Air,8817,9502,3.1,27332.7,8775,2204,5731,33,0,3,4033.42,Demand Spike,2,8817,0,100.0,31.6,Low,Green,1.283,1,0,Synthetic dataset created for academic semiconductor SCM simulation,2
2022-02-02,Analog IC,Asia-Pacific,Consumer Electronics,Supplier_C,Air,5176,5716,5.75,29762.0,6290,1294,3364,34,0,6,2717.0,Unknown,0,5176,0,100.0,16.8,Low,Green,1.215,0,0,Synthetic dataset created for academic semiconductor SCM simulation,2
2022-02-03,Microcontroller,Rest of World,Automotive,Supplier_C,Multimodal,5487,5684,5.14,28203.18,4739,1371,3566,25,18,20,1592.62,Supplier Delay,1,5487,0,100.0,83.4,High,Red,1.024,0,1,Synthetic dataset created for academic semiconductor SCM simulation,2
2022-02-04,Memory Chip,Rest of World,Industrial,Supplier_E,Multimodal,7400,7435,4.9,36260.0,8997,1850,4810,18,2,15,1621.32,Unknown,0,7400,0,100.0,9.4,Low,Green,1.0,0,1,Synthetic dataset created for academic semiconductor SCM simulation,2
2022-02-05,Memory Chip,Europe,Industrial,Supplier_C,Road,9942,10384,7.88,78342.96,8865,2485,6462,18,0,19,2157.97,Logistics Delay,3,9942,0,100.0,29.6,Low,Green,1.199,0,1,Synthetic dataset created for academic semiconductor SCM simulation,2
2022-02-06,Microcontroller,Europe,Consumer Electronics,Supplier_D,Sea,5974,6214,5.94,35485.56,6566,1493,3883,41,0,26,662.46,Unknown,0,5974,0,100.0,36.4,Medium,Orange,1.07,0,0,Synthetic dataset created for academic semiconductor SCM simulation,2
2022-02-07,Analog IC,Rest of World,Consumer Electronics,Supplier_B,Sea,7867,8442,11.77,92594.59,5680,1966,5113,28,12,24,936.29,Supplier Delay,3,7867,0,100.0,85.2,High,Red,1.209,0,1,Synthetic dataset created for academic semiconductor SCM simulation,2
2022-02-08,Memory Chip,Europe,Automotive,Supplier_A,Road,9295,8992,2.33,21657.35,8179,2323,6041,21,0,15,2019.97,Logistics Delay,4,9295,0,100.0,35.6,Medium,Orange,1.118,0,1,Synthetic dataset created for academic semiconductor SCM simulation,2
2022-02-09,Sensor IC,India,Automotive,Supplier_E,Air,5457,5936,10.34,56425.38,3916,1364,3547,17,0,5,2923.31,Unknown,0,5457,0,100.0,0.0,Low,Green,1.193,0,0,Synthetic dataset created for academic semiconductor SCM simulation,2
2022-02-10,Sensor IC,Europe,Computing,Supplier_E,Air,4919,5990,2.53,12445.07,944,1229,3197,22,0,3,2784.52,Inventory Shortage,2,4919,0,100.0,18.4,Low,Green,1.245,0,0,Synthetic dataset created for academic semiconductor SCM simulation,2
2022-02-11,Power IC,India,Automotive,Supplier_B,Road,5944,7809,6.33,37625.52,4320,1486,3863,32,0,6,1409.19,Demand Spike,5,5944,0,100.0,54.4,Medium,Orange,1.494,1,0,Synthetic dataset created for academic semiconductor SCM simulation,2
2022-02-12,Logic IC,Europe,Telecom,Supplier_A,Multimodal,7363,9108,8.38,61701.94,3669,1840,4785,25,1,11,2117.45,Inventory Shortage,5,7363,0,100.0,49.5,Medium,Orange,1.357,0,1,Synthetic dataset created for academic semiconductor SCM simulation,2
2022-02-13,Microcontroller,Europe,Computing,Supplier_A,Sea,5242,5560,10.6,55565.2,3931,1310,3407,17,4,33,614.28,Unknown,0,5242,0,100.0,30.8,Low,Green,1.185,0,1,Synthetic dataset created for academic semiconductor SCM simulation,2
2022-02-14,Memory Chip,Europe,Telecom,Supplier_D,Road,12102,14142,12.87,155752.74,11092,3025,7866,32,0,12,2461.98,Demand Spike,1,12102,0,100.0,22.4,Low,Green,1.292,1,0,Synthetic dataset created for academic semiconductor SCM simulation,2
2022-02-15,Sensor IC,India,Automotive,Supplier_B,Road,5210,5771,5.74,29905.4,4934,1302,3386,34,0,7,1168.04,Unknown,0,5210,0,100.0,16.8,Low,Green,1.078,0,0,Synthetic dataset created for academic semiconductor SCM simulation,2
2022-02-16,Microcontroller,India,Automotive,Supplier_B,Multimodal,6918,7553,11.21,77550.78,6277,1729,4496,19,17,13,2132.77,Supplier Delay,4,6918,0,100.0,92.3,High,Red,1.277,0,1,Synthetic dataset created for academic semiconductor SCM simulation,2
2022-02-17,Microcontroller,Europe,Telecom,Supplier_C,Road,8846,11750,8.17,72271.82,6983,2211,5749,16,0,10,2520.18,Demand Spike,3,8846,0,100.0,24.0,Low,Green,1.572,1,0,Synthetic dataset created for academic semiconductor SCM simulation,2
2022-02-18,Memory Chip,North America,Computing,Supplier_D,Sea,10246,10557,12.25,125513.5,10052,2561,6659,29,4,33,1220.13,Unknown,0,10246,0,100.0,41.6,Medium,Orange,1.203,0,1,Synthetic dataset created for academic semiconductor SCM simulation,2
2022-02-19,Sensor IC,Asia-Pacific,Computing,Supplier_D,Air,5254,5769,10.53,55324.62,6427,1313,3415,19,11,4,2800.24,Supplier Delay,4,5254,0,100.0,70.5,High,Red,1.147,0,1,Synthetic dataset created for academic semiconductor SCM simulation,2
2022-02-20,Power IC,India,Computing,Supplier_A,Air,4846,4791,2.47,11969.62,2306,1211,3149,15,1,2,1991.78,Unknown,0,4846,0,100.0,3.5,Low,Green,1.019,0,1,Synthetic dataset created for academic semiconductor SCM simulation,2
2022-02-21,Microcontroller,Europe,Industrial,Supplier_C,Multimodal,7505,7807,7.28,54636.4,4343,1876,4878,17,0,17,2199.42,Unknown,0,7505,0,100.0,4.0,Low,Green,1.108,0,0,Synthetic dataset created for academic semiconductor SCM simulation,2
2022-02-22,Power IC,India,Industrial,Supplier_A,Multimodal,5466,5603,4.64,25362.24,4352,1366,3552,30,0,14,1290.62,Unknown,0,5466,0,100.0,13.6,Low,Green,1.098,0,0,Synthetic dataset created for academic semiconductor SCM simulation,2
2022-02-23,Memory Chip,India,Computing,Supplier_C,Road,8534,10304,6.55,55897.7,2648,2133,5547,12,0,9,2231.18,Inventory Shortage,3,8534,0,100.0,24.0,Low,Green,1.339,0,0,Synthetic dataset created for academic semiconductor SCM simulation,2
2022-02-24,Logic IC,Europe,Consumer Electronics,Supplier_A,Air,7577,8141,3.05,23109.85,9386,1894,4925,21,0,5,3884.08,Unknown,0,7577,0,100.0,1.2,Low,Green,1.119,0,0,Synthetic dataset created for academic semiconductor SCM simulation,2
2022-02-25,Logic IC,Europe,Consumer Electronics,Supplier_C,Multimodal,8911,11205,3.31,29495.41,3373,2227,5792,14,0,11,3058.17,Inventory Shortage,3,8911,0,100.0,24.0,Low,Green,1.338,0,0,Synthetic dataset created for academic semiconductor SCM simulation,2
2022-02-26,Analog IC,Europe,Computing,Supplier_D,Road,7363,8101,7.61,56032.43,9583,1840,4785,34,0,11,1449.81,Unknown,0,7363,0,100.0,16.8,Low,Green,1.129,0,0,Synthetic dataset created for academic semiconductor SCM simulation,2
2022-02-27,Sensor IC,Asia-Pacific,Automotive,Supplier_B,Sea,6157,6237,10.34,63663.38,5482,1539,4002,34,3,22,637.84,Unknown,0,6157,0,100.0,35.3,Medium,Orange,1.066,0,1,Synthetic dataset created for academic semiconductor SCM simulation,2
2022-02-28,Power IC,Asia-Pacific,Industrial,Supplier_B,Multimodal,4380,4891,4.82,21111.6,5219,1095,2847,32,0,11,1390.65,Unknown,0,4380,0,100.0,14.4,Low,Green,1.086,0,0,Synthetic dataset created for academic semiconductor SCM simulation,2
2022-03-01,Memory Chip,Rest of World,Automotive,Supplier_A,Road,10047,9759,8.41,84495.27,5855,2511,6530,14,2,8,1851.55,Unknown,0,10047,0,100.0,7.0,Low,Green,1.141,0,1,Synthetic dataset created for academic semiconductor SCM simulation,3
2022-03-02,Microcontroller,Europe,Consumer Electronics,Supplier_B,Road,6618,6303,9.4,62209.2,6111,1654,4301,19,0,15,1344.29,Logistics Delay,2,6618,0,100.0,18.4,Low,Green,1.082,0,1,Synthetic dataset created for academic semiconductor SCM simulation,3
2022-03-03,Sensor IC,India,Industrial,Supplier_E,Air,5636,5566,7.34,41368.24,2844,1409,3663,43,3,6,2780.03,Unknown,0,5636,0,100.0,38.1,Medium,Orange,1.056,0,1,Synthetic dataset created for academic semiconductor SCM simulation,3
2022-03-04,Sensor IC,India,Automotive,Supplier_D,Multimodal,6230,5988,4.28,26664.4,5215,1557,4049,38,0,17,1511.37,Unknown,0,6230,0,100.0,25.6,Low,Green,1.104,0,0,Synthetic dataset created for academic semiconductor SCM simulation,3
2022-03-05,Microcontroller,Rest of World,Consumer Electronics,Supplier_D,Multimodal,6655,6705,6.21,41327.55,5835,1663,4325,32,0,21,1779.85,Logistics Delay,4,6655,0,100.0,53.6,Medium,Orange,0.98,0,1,Synthetic dataset created for academic semiconductor SCM simulation,3
2022-03-06,Microcontroller,Asia-Pacific,Telecom,Supplier_A,Road,6891,7204,5.03,34661.73,3743,1722,4479,15,0,9,1360.18,Unknown,0,6891,0,100.0,0.0,Low,Green,1.126,0,0,Synthetic dataset created for academic semiconductor SCM simulation,3
2022-03-07,Memory Chip,India,Consumer Electronics,Supplier_A,Road,8391,8135,5.26,44136.66,5795,2097,5454,19,1,19,1775.7,Logistics Delay,3,8391,0,100.0,33.1,Low,Green,0.965,0,1,Synthetic dataset created for academic semiconductor SCM simulation,3
2022-03-08,Analog IC,Europe,Industrial,Supplier_C,Air,7259,7071,8.33,60467.47,4294,1814,4718,12,5,6,3077.01,Supplier Delay,1,7259,0,100.0,25.5,Low,Green,1.001,0,1,Synthetic dataset created for academic semiconductor SCM simulation,3
2022-03-09,Power IC,Rest of World,Computing,Supplier_A,Air,5187,5592,2.12,10996.44,5858,1296,3371,14,0,5,2306.25,Unknown,0,5187,0,100.0,0.0,Low,Green,1.055,0,0,Synthetic dataset created for academic semiconductor SCM simulation,3
2022-03-10,Sensor IC,Asia-Pacific,Industrial,Supplier_E,Multimodal,5372,6002,2.29,12301.88,4822,1343,3491,22,3,15,1348.28,Unknown,0,5372,0,100.0,15.3,Low,Green,1.182,0,1,Synthetic dataset created for academic semiconductor SCM simulation,3
2022-03-11,Memory Chip,India,Computing,Supplier_B,Road,9618,10546,2.67,25680.06,9869,2404,6251,12,0,11,2046.47,Unknown,0,9618,0,100.0,0.0,Low,Green,1.121,0,0,Synthetic dataset created for academic semiconductor SCM simulation,3
2022-03-12,Sensor IC,Asia-Pacific,Industrial,Supplier_B,Multimodal,6779,7413,3.99,27048.21,5082,1694,4406,30,0,21,1782.42,Unknown,0,6779,0,100.0,19.2,Low,Green,1.085,0,0,Synthetic dataset created for academic semiconductor SCM simulation,3
2022-03-13,Logic IC,Asia-Pacific,Computing,Supplier_E,Sea,6248,6308,12.16,75975.68,7086,1562,4061,40,0,28,749.89,Logistics Delay,3,6248,0,100.0,60.8,Medium,Orange,1.125,0,1,Synthetic dataset created for academic semiconductor SCM simulation,3
2022-03-14,Memory Chip,India,Telecom,Supplier_E,Multimodal,8779,8822,12.88,113073.52,6120,2194,5706,25,17,20,2097.9,Supplier Delay,5,8779,0,100.0,100.0,High,Red,0.969,0,1,Synthetic dataset created for academic semiconductor SCM simulation,3
2022-03-15,Logic IC,Asia-Pacific,Industrial,Supplier_D,Multimodal,6328,6408,5.11,32336.08,8282,1582,4113,40,4,17,1651.88,Unknown,0,6328,0,100.0,42.0,Medium,Orange,1.149,0,1,Synthetic dataset created for academic semiconductor SCM simulation,3
2022-03-16,Microcontroller,India,Computing,Supplier_B,Road,5805,7187,5.16,29953.8,2167,1451,3773,34,0,8,1408.31,Inventory Shortage,4,5805,0,100.0,48.8,Medium,Orange,1.225,0,0,Synthetic dataset created for academic semiconductor SCM simulation,3
2022-03-17,Power IC,Europe,Telecom,Supplier_D,Road,4478,4854,7.2,32241.6,4661,1119,2910,18,6,9,1030.28,Supplier Delay,1,4478,0,100.0,29.0,Low,Green,1.275,0,1,Synthetic dataset created for academic semiconductor SCM simulation,3
2022-03-18,Memory Chip,Europe,Automotive,Supplier_E,Sea,10691,10390,10.0,106910.0,9703,2672,6949,18,15,22,1258.49,Supplier Delay,4,10691,0,100.0,92.5,High,Red,0.928,0,1,Synthetic dataset created for academic semiconductor SCM simulation,3
2022-03-19,Power IC,North America,Consumer Electronics,Supplier_C,Multimodal,4654,5212,3.02,14055.08,5304,1163,3025,21,2,20,1252.17,Unknown,0,4654,0,100.0,14.6,Low,Green,1.101,0,1,Synthetic dataset created for academic semiconductor SCM simulation,3
2022-03-20,Sensor IC,North America,Consumer Electronics,Supplier_B,Sea,5961,6392,10.53,62769.33,6890,1490,3874,31,0,25,836.49,Unknown,0,5961,0,100.0,23.6,Low,Green,1.261,0,0,Synthetic dataset created for academic semiconductor SCM simulation,3
2022-03-21,Memory Chip,Europe,Computing,Supplier_D,Multimodal,13037,15075,4.4,57362.8,14213,3259,8474,34,2,18,4270.28,Demand Spike,4,13037,0,100.0,60.6,Medium,Orange,1.248,1,1,Synthetic dataset created for academic semiconductor SCM simulation,3
2022-03-22,Microcontroller,Europe,Automotive,Supplier_B,Road,8657,10176,5.22,45189.54,4531,2164,5627,12,0,10,1964.08,Demand Spike,1,8657,0,100.0,8.0,Low,Green,1.183,1,0,Synthetic dataset created for academic semiconductor SCM simulation,3
2022-03-23,Power IC,Asia-Pacific,Industrial,Supplier_B,Sea,5136,5680,5.72,29377.92,3308,1284,3338,16,1,32,565.88,Unknown,0,5136,0,100.0,19.5,Low,Green,1.092,0,1,Synthetic dataset created for academic semiconductor SCM simulation,3
2022-03-24,Analog IC,Rest of World,Computing,Supplier_D,Air,7203,7134,8.39,60433.17,4809,1800,4681,36,0,5,3159.91,Unknown,0,7203,0,100.0,19.2,Low,Green,0.976,0,0,Synthetic dataset created for academic semiconductor SCM simulation,3
2022-03-25,Sensor IC,Asia-Pacific,Computing,Supplier_C,Sea,5486,5386,7.81,42845.66,2683,1371,3565,28,4,34,688.44,Unknown,0,5486,0,100.0,41.2,Medium,Orange,1.028,0,1,Synthetic dataset created for academic semiconductor SCM simulation,3
2022-03-26,Power IC,Europe,Automotive,Supplier_C,Air,4381,4709,4.53,19845.93,5838,1095,2847,13,14,6,2186.25,Supplier Delay,5,4381,0,100.0,89.0,High,Red,1.15,0,1,Synthetic dataset created for academic semiconductor SCM simulation,3
2022-03-27,Memory Chip,North America,Automotive,Supplier_D,Air,11431,10944,4.39,50182.09,11799,2857,7430,17,3,6,4187.33,Unknown,0,11431,0,100.0,10.5,Low,Green,0.978,0,1,Synthetic dataset created for academic semiconductor SCM simulation,3
2022-03-28,Microcontroller,Europe,Industrial,Supplier_A,Road,5829,6485,5.12,29844.48,4850,1457,3788,17,0,9,1139.47,Unknown,0,5829,0,100.0,0.0,Low,Green,1.177,0,0,Synthetic dataset created for academic semiconductor SCM simulation,3
2022-03-29,Memory Chip,Rest of World,Industrial,Supplier_C,Air,10310,10952,5.57,57426.7,12712,2577,6701,31,1,3,4198.3,Unknown,0,10310,0,100.0,16.7,Low,Green,1.103,0,1,Synthetic dataset created for academic semiconductor SCM simulation,3
2022-03-30,Sensor IC,Europe,Automotive,Supplier_A,Multimodal,5172,5038,7.27,37600.44,4013,1293,3361,26,4,22,1322.23,Supplier Delay,1,5172,0,100.0,37.2,Medium,Orange,1.157,0,1,Synthetic dataset created for academic semiconductor SCM simulation,3
2022-03-31,Microcontroller,Rest of World,Consumer Electronics,Supplier_D,Road,7643,8252,7.35,56176.05,6872,1910,4967,32,0,6,1757.13,Unknown,0,7643,0,100.0,14.4,Low,Green,1.13,0,0,Synthetic dataset created for academic semiconductor SCM simulation,3
2022-04-01,Logic IC,Asia-Pacific,Industrial,Supplier_C,Multimodal,8341,8207,3.53,29443.73,10100,2085,5421,14,17,22,2175.67,Supplier Delay,4,8341,0,100.0,99.5,High,Red,1.013,0,1,Synthetic dataset created for academic semiconductor SCM simulation,4
2022-04-02,Power IC,Asia-Pacific,Computing,Supplier_E,Road,5608,6006,9.58,53724.64,5017,1402,3645,35,1,12,1108.07,Logistics Delay,2,5608,0,100.0,37.5,Medium,Orange,1.114,0,1,Synthetic dataset created for academic semiconductor SCM simulation,4
2022-04-03,Logic IC,Europe,Telecom,Supplier_E,Sea,7740,8668,9.65,74691.0,6617,1935,5031,33,1,20,1041.87,Unknown,0,7740,0,100.0,25.5,Low,Green,1.254,0,1,Synthetic dataset created for academic semiconductor SCM simulation,4
2022-04-04,Power IC,North America,Computing,Supplier_E,Sea,6316,7753,2.76,17432.16,7650,1579,4105,20,0,25,996.51,Demand Spike,2,6316,0,100.0,26.4,Low,Green,1.243,1,0,Synthetic dataset created for academic semiconductor SCM simulation,4
2022-04-05,Analog IC,Rest of World,Industrial,Supplier_B,Road,6705,7443,3.54,23735.7,6888,1676,4358,33,13,5,1292.04,Supplier Delay,5,6705,0,100.0,100.0,High,Red,1.215,0,1,Synthetic dataset created for academic semiconductor SCM simulation,4
2022-04-06,Analog IC,North America,Computing,Supplier_D,Air,6742,7123,4.9,33035.8,3993,1685,4382,26,0,5,3310.52,Unknown,0,6742,0,100.0,7.2,Low,Green,1.113,0,0,Synthetic dataset created for academic semiconductor SCM simulation,4
2022-04-07,Sensor IC,North America,Industrial,Supplier_E,Sea,5481,6115,2.98,16333.38,3689,1370,3562,29,6,25,659.36,Supplier Delay,3,5481,0,100.0,66.2,High,Red,1.087,0,1,Synthetic dataset created for academic semiconductor SCM simulation,4
2022-04-08,Power IC,India,Computing,Supplier_D,Sea,5694,7972,7.83,44584.02,1853,1423,3701,26,0,32,920.07,Inventory Shortage,2,5694,0,100.0,39.2,Medium,Orange,1.49,0,0,Synthetic dataset created for academic semiconductor SCM simulation,4
2022-04-09,Memory Chip,North America,Computing,Supplier_C,Air,10974,10958,2.29,25130.46,10570,2743,7133,15,0,8,4695.21,Logistics Delay,4,10974,0,100.0,32.0,Low,Green,0.997,0,1,Synthetic dataset created for academic semiconductor SCM simulation,4
2022-04-10,Logic IC,Europe,Automotive,Supplier_D,Multimodal,12545,16189,3.45,43280.25,12447,3136,8154,20,0,22,3664.98,Demand Spike,3,12545,0,100.0,32.0,Low,Green,1.355,1,0,Synthetic dataset created for academic semiconductor SCM simulation,4
2022-04-11,Microcontroller,Asia-Pacific,Automotive,Supplier_B,Road,6772,7461,3.23,21873.56,6291,1693,4401,31,0,10,1628.08,Unknown,0,6772,0,100.0,13.2,Low,Green,1.242,0,0,Synthetic dataset created for academic semiconductor SCM simulation,4
2022-04-12,Power IC,India,Automotive,Supplier_C,Road,4182,4387,8.47,35421.54,4803,1045,2718,35,3,9,945.95,Supplier Delay,4,4182,0,100.0,60.5,Medium,Orange,1.148,0,1,Synthetic dataset created for academic semiconductor SCM simulation,4
2022-04-13,Analog IC,Asia-Pacific,Computing,Supplier_D,Sea,7103,8373,11.48,81542.44,5819,1775,4616,18,0,31,1019.72,Demand Spike,4,7103,0,100.0,47.2,Medium,Orange,1.348,1,0,Synthetic dataset created for academic semiconductor SCM simulation,4
2022-04-14,Sensor IC,Asia-Pacific,Consumer Electronics,Supplier_E,Sea,5755,6443,6.11,35163.05,6588,1438,3740,28,3,35,713.19,Unknown,0,5755,0,100.0,38.5,Medium,Orange,1.265,0,1,Synthetic dataset created for academic semiconductor SCM simulation,4
2022-04-15,Analog IC,Europe,Computing,Supplier_D,Sea,7663,8506,11.82,90576.66,9893,1915,4980,28,0,28,999.42,Unknown,0,7663,0,100.0,22.4,Low,Green,1.255,0,0,Synthetic dataset created for academic semiconductor SCM simulation,4
2022-04-16,Power IC,Asia-Pacific,Computing,Supplier_E,Multimodal,4728,5149,9.81,46381.68,3038,1182,3073,20,0,28,1389.24,Logistics Delay,4,4728,0,100.0,44.8,Medium,Orange,1.26,0,1,Synthetic dataset created for academic semiconductor SCM simulation,4
2022-04-17,Power IC,Rest of World,Industrial,Supplier_B,Air,4276,4549,6.21,26553.96,4545,1069,2779,32,0,2,1990.29,Unknown,0,4276,0,100.0,14.4,Low,Green,1.047,0,0,Synthetic dataset created for academic semiconductor SCM simulation,4
2022-04-18,Logic IC,North America,Telecom,Supplier_D,Multimodal,7236,7269,8.88,64255.68,4401,1809,4703,21,10,16,2031.84,Supplier Delay,3,7236,0,100.0,63.4,Medium,Orange,1.185,0,1,Synthetic dataset created for academic semiconductor SCM simulation,4
2022-04-19,Sensor IC,India,Consumer Electronics,Supplier_C,Air,6859,7662,4.36,29905.24,3781,1714,4458,32,0,5,3082.38,Unknown,0,6859,0,100.0,14.4,Low,Green,1.107,0,0,Synthetic dataset created for academic semiconductor SCM simulation,4
2022-04-20,Sensor IC,Europe,Consumer Electronics,Supplier_A,Road,8606,10337,7.55,64975.3,5303,2151,5593,24,2,6,2161.96,Demand Spike,5,8606,0,100.0,51.8,Medium,Orange,1.183,1,1,Synthetic dataset created for academic semiconductor SCM simulation,4
2022-04-21,Power IC,North America,Automotive,Supplier_C,Multimodal,4950,6306,3.92,19404.0,2581,1237,3217,23,0,14,1434.61,Inventory Shortage,3,4950,0,100.0,29.2,Low,Green,1.493,0,0,Synthetic dataset created for academic semiconductor SCM simulation,4
2022-04-22,Power IC,Asia-Pacific,Industrial,Supplier_C,Sea,5836,5676,3.0,17508.0,6114,1459,3793,35,4,31,662.61,Unknown,0,5836,0,100.0,47.2,Medium,Orange,0.977,0,1,Synthetic dataset created for academic semiconductor SCM simulation,4
2022-04-23,Memory Chip,Rest of World,Automotive,Supplier_E,Multimodal,8640,8298,8.22,71020.8,5485,2160,5616,31,0,29,1861.82,Logistics Delay,1,8640,0,100.0,34.8,Low,Green,1.052,0,1,Synthetic dataset created for academic semiconductor SCM simulation,4
2022-04-24,Microcontroller,Rest of World,Telecom,Supplier_A,Multimodal,6358,6489,7.26,46159.08,7128,1589,4132,29,0,14,1783.08,Unknown,0,6358,0,100.0,12.4,Low,Green,1.117,0,0,Synthetic dataset created for academic semiconductor SCM simulation,4
2022-04-25,Microcontroller,India,Industrial,Supplier_A,Air,6760,7669,3.19,21564.4,2156,1690,4394,32,4,5,3739.19,Inventory Shortage,1,6760,0,100.0,36.4,Medium,Orange,1.271,0,1,Synthetic dataset created for academic semiconductor SCM simulation,4
2022-04-26,Analog IC,Rest of World,Consumer Electronics,Supplier_C,Air,6906,7191,7.29,50344.74,6491,1726,4488,35,4,2,3328.43,Unknown,0,6906,0,100.0,32.0,Low,Green,1.128,0,1,Synthetic dataset created for academic semiconductor SCM simulation,4
2022-04-27,Memory Chip,North America,Telecom,Supplier_C,Sea,9301,8886,9.46,87987.46,7922,2325,6045,31,3,24,1053.88,Supplier Delay,1,9301,0,100.0,41.3,Medium,Orange,1.068,0,1,Synthetic dataset created for academic semiconductor SCM simulation,4
2022-04-28,Microcontroller,North America,Automotive,Supplier_D,Multimodal,8309,8200,10.11,84003.99,8768,2077,5400,16,0,19,2124.21,Unknown,0,8309,0,100.0,5.6,Low,Green,1.017,0,0,Synthetic dataset created for academic semiconductor SCM simulation,4
2022-04-29,Power IC,North America,Computing,Supplier_B,Multimodal,4809,6022,5.91,28421.19,1535,1202,3125,23,3,21,1481.26,Inventory Shortage,2,4809,0,100.0,37.3,Medium,Orange,1.426,0,1,Synthetic dataset created for academic semiconductor SCM simulation,4
2022-04-30,Sensor IC,North America,Consumer Electronics,Supplier_C,Sea,8660,11691,3.01,26066.6,9544,2165,5629,19,0,20,1193.08,Demand Spike,1,8660,0,100.0,14.4,Low,Green,1.347,1,0,Synthetic dataset created for academic semiconductor SCM simulation,4
2022-05-01,Power IC,India,Computing,Supplier_E,Air,6187,7812,4.28,26480.36,3922,1546,4021,15,3,2,3547.86,Demand Spike,5,6187,0,100.0,50.5,Medium,Orange,1.488,1,1,Synthetic dataset created for academic semiconductor SCM simulation,5
2022-05-02,Logic IC,Europe,Industrial,Supplier_D,Multimodal,7245,7325,4.85,35138.25,3558,1811,4709,33,0,15,1747.24,Unknown,0,7245,0,100.0,18.0,Low,Green,1.179,0,0,Synthetic dataset created for academic semiconductor SCM simulation,5
2022-05-03,Analog IC,North America,Automotive,Supplier_C,Multimodal,6501,6805,4.46,28994.46,5795,1625,4225,29,0,21,1784.28,Unknown,0,6501,0,100.0,18.0,Low,Green,1.038,0,0,Synthetic dataset created for academic semiconductor SCM simulation,5
2022-05-04,Power IC,North America,Consumer Electronics,Supplier_E,Multimodal,4955,5456,10.12,50144.6,5042,1238,3220,19,0,16,1232.51,Unknown,0,4955,0,100.0,3.2,Low,Green,1.065,0,0,Synthetic dataset created for academic semiconductor SCM simulation,5
2022-05-05,Memory Chip,Asia-Pacific,Consumer Electronics,Supplier_E,Multimodal,8140,8996,9.45,76923.0,3788,2035,5291,14,16,18,2576.26,Supplier Delay,5,8140,0,100.0,100.0,High,Red,1.275,0,1,Synthetic dataset created for academic semiconductor SCM simulation,5
2022-05-06,Analog IC,India,Consumer Electronics,Supplier_A,Air,7447,7379,8.2,61065.4,6427,1861,4840,20,1,4,3681.17,Unknown,0,7447,0,100.0,3.5,Low,Green,1.002,0,1,Synthetic dataset created for academic semiconductor SCM simulation,5
2022-05-07,Analog IC,North America,Industrial,Supplier_A,Air,7307,7011,2.09,15271.63,4799,1826,4749,17,0,5,3462.12,Unknown,0,7307,0,100.0,0.0,Low,Green,1.128,0,0,Synthetic dataset created for academic semiconductor SCM simulation,5
2022-05-08,Analog IC,Rest of World,Telecom,Supplier_C,Air,7092,9484,2.33,16524.36,2763,1773,4609,22,0,3,3942.58,Inventory Shortage,3,7092,0,100.0,26.4,Low,Green,1.554,0,0,Synthetic dataset created for academic semiconductor SCM simulation,5
2022-05-09,Analog IC,Rest of World,Industrial,Supplier_D,Sea,6969,7503,5.46,38050.74,7113,1742,4529,20,0,28,823.61,Unknown,0,6969,0,100.0,12.8,Low,Green,1.234,0,0,Synthetic dataset created for academic semiconductor SCM simulation,5
2022-05-10,Sensor IC,India,Consumer Electronics,Supplier_C,Multimodal,4637,4940,7.75,35936.75,3672,1159,3014,14,1,11,1162.35,Unknown,0,4637,0,100.0,3.5,Low,Green,1.221,0,1,Synthetic dataset created for academic semiconductor SCM simulation,5
2022-05-11,Memory Chip,India,Industrial,Supplier_C,Air,11455,12364,3.32,38030.6,8803,2863,7445,14,0,5,4714.5,Unknown,0,11455,0,100.0,0.0,Low,Green,1.05,0,0,Synthetic dataset created for academic semiconductor SCM simulation,5
2022-05-12,Logic IC,Europe,Telecom,Supplier_A,Road,8896,9629,9.71,86380.16,5114,2224,5782,29,3,7,1855.52,Unknown,0,8896,0,100.0,21.3,Low,Green,1.11,0,1,Synthetic dataset created for academic semiconductor SCM simulation,5
2022-05-13,Sensor IC,North America,Automotive,Supplier_B,Multimodal,7150,8687,7.14,51051.0,7208,1787,4647,18,0,16,2084.18,Demand Spike,3,7150,0,100.0,27.2,Low,Green,1.398,1,0,Synthetic dataset created for academic semiconductor SCM simulation,5
2022-05-14,Power IC,India,Industrial,Supplier_D,Sea,5081,5347,7.61,38666.41,4531,1270,3302,31,0,28,651.98,Unknown,0,5081,0,100.0,26.0,Low,Green,1.151,0,0,Synthetic dataset created for academic semiconductor SCM simulation,5
2022-05-15,Memory Chip,Europe,Telecom,Supplier_C,Multimodal,7541,8442,4.18,31521.38,8095,1885,4901,29,0,22,2000.55,Unknown,0,7541,0,100.0,18.8,Low,Green,1.293,0,0,Synthetic dataset created for academic semiconductor SCM simulation,5
2022-05-16,Sensor IC,India,Consumer Electronics,Supplier_C,Sea,6829,6666,5.61,38310.69,8729,1707,4438,24,0,33,771.38,Unknown,0,6829,0,100.0,21.6,Low,Green,1.096,0,0,Synthetic dataset created for academic semiconductor SCM simulation,5
2022-05-17,Logic IC,Asia-Pacific,Industrial,Supplier_E,Air,8247,8741,2.57,21194.79,5358,2061,5360,39,15,4,3412.7,Supplier Delay,2,8247,0,100.0,91.3,High,Red,1.205,0,1,Synthetic dataset created for academic semiconductor SCM simulation,5
2022-05-18,Logic IC,Rest of World,Computing,Supplier_B,Multimodal,8153,8387,9.24,75333.72,10423,2038,5299,34,0,11,1989.99,Unknown,0,8153,0,100.0,16.8,Low,Green,0.999,0,0,Synthetic dataset created for academic semiconductor SCM simulation,5
2022-05-19,Analog IC,North America,Industrial,Supplier_C,Road,6159,6349,6.38,39294.42,2896,1539,4003,34,0,5,1342.9,Unknown,0,6159,0,100.0,16.8,Low,Green,1.068,0,0,Synthetic dataset created for academic semiconductor SCM simulation,5
2022-05-20,Microcontroller,North America,Consumer Electronics,Supplier_E,Sea,6312,6351,5.95,37556.4,6329,1578,4102,29,1,23,634.87,Unknown,0,6312,0,100.0,23.1,Low,Green,1.006,0,1,Synthetic dataset created for academic semiconductor SCM simulation,5
2022-05-21,Logic IC,India,Telecom,Supplier_A,Sea,11415,14965,5.94,67805.1,9169,2853,7419,18,0,33,1673.46,Demand Spike,1,11415,0,100.0,24.8,Low,Green,1.283,1,0,Synthetic dataset created for academic semiconductor SCM simulation,5
2022-05-22,Power IC,India,Computing,Supplier_B,Road,5525,5328,2.84,15691.0,4565,1381,3591,15,0,16,1066.22,Logistics Delay,5,5525,0,100.0,43.2,Medium,Orange,0.949,0,1,Synthetic dataset created for academic semiconductor SCM simulation,5
2022-05-23,Sensor IC,India,Consumer Electronics,Supplier_D,Sea,4921,4938,5.86,28837.06,6483,1230,3198,21,0,33,621.7,Unknown,0,4921,0,100.0,18.0,Low,Green,1.08,0,0,Synthetic dataset created for academic semiconductor SCM simulation,5
2022-05-24,Sensor IC,India,Telecom,Supplier_D,Multimodal,5398,5203,2.08,11227.84,5177,1349,3508,23,0,12,1416.33,Unknown,0,5398,0,100.0,3.6,Low,Green,1.102,0,0,Synthetic dataset created for academic semiconductor SCM simulation,5
2022-05-25,Sensor IC,Rest of World,Computing,Supplier_A,Air,5571,6728,8.27,46072.17,1544,1392,3621,29,0,5,3284.78,Inventory Shortage,5,5571,0,100.0,50.8,Medium,Orange,1.408,0,0,Synthetic dataset created for academic semiconductor SCM simulation,5
2022-05-26,Microcontroller,India,Automotive,Supplier_B,Sea,10242,13722,5.97,61144.74,7199,2560,6657,31,0,24,1517.34,Demand Spike,5,10242,0,100.0,62.8,Medium,Orange,1.453,1,0,Synthetic dataset created for academic semiconductor SCM simulation,5
2022-05-27,Power IC,Europe,Industrial,Supplier_E,Road,5279,5136,8.08,42654.32,3551,1319,3431,27,4,23,972.55,Logistics Delay,1,5279,0,100.0,39.2,Medium,Orange,1.129,0,1,Synthetic dataset created for academic semiconductor SCM simulation,5
2022-05-28,Sensor IC,India,Consumer Electronics,Supplier_E,Road,5431,5576,7.5,40732.5,6691,1357,3530,19,11,12,1138.46,Supplier Delay,4,5431,0,100.0,70.5,High,Red,1.193,0,1,Synthetic dataset created for academic semiconductor SCM simulation,5
2022-05-29,Microcontroller,India,Industrial,Supplier_A,Multimodal,6348,6320,9.77,62019.96,3119,1587,4126,22,0,20,1711.98,Unknown,0,6348,0,100.0,8.8,Low,Green,1.102,0,0,Synthetic dataset created for academic semiconductor SCM simulation,5
2022-05-30,Sensor IC,Asia-Pacific,Automotive,Supplier_B,Multimodal,6384,7141,5.65,36069.6,4311,1596,4149,34,3,11,1879.01,Unknown,0,6384,0,100.0,27.3,Low,Green,1.167,0,1,Synthetic dataset created for academic semiconductor SCM simulation,5
2022-05-31,Analog IC,North America,Automotive,Supplier_D,Road,6508,6283,2.95,19198.6,4940,1627,4230,23,0,12,1077.28,Unknown,0,6508,0,100.0,3.6,Low,Green,0.946,0,0,Synthetic dataset created for academic semiconductor SCM simulation,5
2022-06-01,Sensor IC,North America,Telecom,Supplier_A,Sea,4174,4483,2.72,11353.28,5163,1043,2713,22,0,22,564.15,Unknown,0,4174,0,100.0,10.4,Low,Green,1.193,0,0,Synthetic dataset created for academic semiconductor SCM simulation,6
2022-06-02,Analog IC,North America,Automotive,Supplier_E,Air,5820,5739,9.48,55173.6,5707,1455,3783,31,0,3,2713.45,Unknown,0,5820,0,100.0,13.2,Low,Green,1.031,0,0,Synthetic dataset created for academic semiconductor SCM simulation,6
2022-06-03,Sensor IC,Europe,Consumer Electronics,Supplier_B,Road,4975,5194,7.2,35820.0,3083,1243,3233,31,12,8,1067.86,Supplier Delay,2,4975,0,100.0,71.2,High,Red,1.094,0,1,Synthetic dataset created for academic semiconductor SCM simulation,6
2022-06-04,Analog IC,Asia-Pacific,Consumer Electronics,Supplier_D,Multimodal,6826,7097,11.78,80410.28,7757,1706,4436,27,0,18,1881.92,Unknown,0,6826,0,100.0,13.2,Low,Green,1.236,0,0,Synthetic dataset created for academic semiconductor SCM simulation,6
2022-06-05,Microcontroller,Asia-Pacific,Computing,Supplier_A,Air,6215,5946,2.47,15351.05,6379,1553,4039,24,0,6,2548.97,Unknown,0,6215,0,100.0,4.8,Low,Green,1.037,0,0,Synthetic dataset created for academic semiconductor SCM simulation,6
2022-06-06,Memory Chip,Europe,Automotive,Supplier_C,Air,10321,13569,9.35,96501.35,8680,2580,6708,32,0,5,5276.48,Demand Spike,5,10321,0,100.0,54.4,Medium,Orange,1.398,1,0,Synthetic dataset created for academic semiconductor SCM simulation,6
2022-06-07,Logic IC,Asia-Pacific,Industrial,Supplier_B,Air,7080,6891,2.22,15717.6,7963,1770,4602,27,3,6,2927.68,Unknown,0,7080,0,100.0,18.9,Low,Green,1.137,0,1,Synthetic dataset created for academic semiconductor SCM simulation,6
2022-06-08,Analog IC,Asia-Pacific,Automotive,Supplier_C,Multimodal,6136,6483,6.96,42706.56,7031,1534,3988,28,14,15,1473.76,Supplier Delay,5,6136,0,100.0,100.0,High,Red,1.24,0,1,Synthetic dataset created for academic semiconductor SCM simulation,6
2022-06-09,Analog IC,Asia-Pacific,Consumer Electronics,Supplier_E,Air,6442,7064,4.45,28666.9,7038,1610,4187,31,0,3,3385.02,Unknown,0,6442,0,100.0,13.2,Low,Green,1.221,0,0,Synthetic dataset created for academic semiconductor SCM simulation,6
2022-06-10,Memory Chip,Europe,Consumer Electronics,Supplier_D,Road,8498,8798,12.12,102995.76,9740,2124,5523,20,1,6,1938.76,Unknown,0,8498,0,100.0,3.5,Low,Green,1.064,0,1,Synthetic dataset created for academic semiconductor SCM simulation,6
2022-06-11,Microcontroller,Rest of World,Telecom,Supplier_A,Road,5977,6251,4.79,28629.83,6780,1494,3885,31,0,8,1389.76,Unknown,0,5977,0,100.0,13.2,Low,Green,1.058,0,0,Synthetic dataset created for academic semiconductor SCM simulation,6
2022-06-12,Microcontroller,India,Automotive,Supplier_B,Road,5014,5048,9.11,45677.54,4150,1253,3259,24,2,8,1146.09,Unknown,0,5014,0,100.0,11.8,Low,Green,1.198,0,1,Synthetic dataset created for academic semiconductor SCM simulation,6
2022-06-13,Memory Chip,Europe,Automotive,Supplier_A,Sea,7370,7519,12.05,88808.5,7082,1842,4790,26,4,31,762.95,Logistics Delay,5,7370,0,100.0,76.4,High,Red,1.08,0,1,Synthetic dataset created for academic semiconductor SCM simulation,6
2022-06-14,Memory Chip,North America,Industrial,Supplier_C,Road,12433,13809,4.43,55078.19,6945,3108,8081,30,0,12,2608.52,Demand Spike,3,12433,0,100.0,36.0,Medium,Orange,1.155,1,0,Synthetic dataset created for academic semiconductor SCM simulation,6
2022-06-15,Memory Chip,India,Industrial,Supplier_D,Road,8107,7918,9.75,79043.25,6243,2026,5269,41,0,22,1466.01,Logistics Delay,1,8107,0,100.0,41.2,Medium,Orange,1.053,0,1,Synthetic dataset created for academic semiconductor SCM simulation,6
2022-06-16,Analog IC,Europe,Industrial,Supplier_B,Air,7583,7913,2.95,22369.85,10118,1895,4928,15,1,3,3819.03,Unknown,0,7583,0,100.0,3.5,Low,Green,1.025,0,1,Synthetic dataset created for academic semiconductor SCM simulation,6
2022-06-17,Sensor IC,Europe,Automotive,Supplier_E,Road,4873,4647,2.38,11597.74,6245,1218,3167,37,1,17,808.05,Logistics Delay,1,4873,0,100.0,35.9,Medium,Orange,1.009,0,1,Synthetic dataset created for academic semiconductor SCM simulation,6
2022-06-18,Analog IC,India,Telecom,Supplier_A,Multimodal,6007,5897,4.8,28833.6,5680,1501,3904,16,0,17,1448.68,Unknown,0,6007,0,100.0,4.0,Low,Green,0.948,0,0,Synthetic dataset created for academic semiconductor SCM simulation,6
2022-06-19,Power IC,India,Consumer Electronics,Supplier_D,Sea,3999,3968,10.15,40589.85,3037,999,2599,37,3,29,495.16,Supplier Delay,5,3999,0,100.0,84.5,High,Red,1.083,0,1,Synthetic dataset created for academic semiconductor SCM simulation,6
2022-06-20,Power IC,India,Industrial,Supplier_B,Air,4139,3973,10.13,41928.07,2855,1034,2690,28,0,13,1830.62,Logistics Delay,3,4139,0,100.0,34.4,Low,Green,1.108,0,1,Synthetic dataset created for academic semiconductor SCM simulation,6
2022-06-21,Analog IC,Asia-Pacific,Consumer Electronics,Supplier_E,Multimodal,6675,7293,10.45,69753.75,6386,1668,4338,20,0,19,1871.24,Unknown,0,6675,0,100.0,5.6,Low,Green,1.089,0,0,Synthetic dataset created for academic semiconductor SCM simulation,6
2022-06-22,Sensor IC,Rest of World,Industrial,Supplier_B,Multimodal,5456,5201,6.1,33281.6,6395,1364,3546,22,3,21,1189.87,Unknown,0,5456,0,100.0,20.1,Low,Green,1.113,0,1,Synthetic dataset created for academic semiconductor SCM simulation,6
2022-06-23,Microcontroller,Asia-Pacific,Consumer Electronics,Supplier_E,Sea,8680,11351,10.85,94178.0,7318,2170,5642,30,0,28,1398.08,Demand Spike,5,8680,0,100.0,64.8,Medium,Orange,1.451,1,0,Synthetic dataset created for academic semiconductor SCM simulation,6
2022-06-24,Sensor IC,Europe,Consumer Electronics,Supplier_E,Road,5392,5403,8.0,43136.0,6896,1348,3504,19,1,5,1109.43,Unknown,0,5392,0,100.0,3.5,Low,Green,1.194,0,1,Synthetic dataset created for academic semiconductor SCM simulation,6
2022-06-25,Memory Chip,Rest of World,Automotive,Supplier_D,Sea,9952,9586,6.01,59811.52,6713,2488,6468,25,0,28,1032.91,Unknown,0,9952,0,100.0,18.8,Low,Green,0.931,0,0,Synthetic dataset created for academic semiconductor SCM simulation,6
2022-06-26,Power IC,Asia-Pacific,Automotive,Supplier_A,Multimodal,3801,3878,9.2,34969.2,4444,950,2470,23,0,12,963.65,Unknown,0,3801,0,100.0,3.6,Low,Green,0.978,0,0,Synthetic dataset created for academic semiconductor SCM simulation,6
2022-06-27,Microcontroller,Europe,Industrial,Supplier_A,Air,6006,6612,3.43,20600.58,7796,1501,3903,14,0,2,2525.16,Unknown,0,6006,0,100.0,0.0,Low,Green,1.091,0,0,Synthetic dataset created for academic semiconductor SCM simulation,6
2022-06-28,Sensor IC,North America,Automotive,Supplier_A,Road,5371,5344,4.33,23256.43,2435,1342,3491,19,6,12,930.43,Supplier Delay,5,5371,0,100.0,61.0,Medium,Orange,0.967,0,1,Synthetic dataset created for academic semiconductor SCM simulation,6
2022-06-29,Analog IC,Rest of World,Telecom,Supplier_B,Air,6681,6540,4.92,32870.52,6981,1670,4342,14,0,2,2875.16,Unknown,0,6681,0,100.0,0.0,Low,Green,0.952,0,0,Synthetic dataset created for academic semiconductor SCM simulation,6
2022-06-30,Logic IC,India,Consumer Electronics,Supplier_C,Multimodal,6537,6726,4.48,29285.76,6127,1634,4249,20,0,20,1619.3,Unknown,0,6537,0,100.0,6.4,Low,Green,1.227,0,0,Synthetic dataset created for academic semiconductor SCM simulation,6
2022-07-01,Logic IC,North America,Computing,Supplier_A,Multimodal,11002,15107,8.11,89226.22,10068,2750,7151,19,0,18,3884.43,Demand Spike,4,11002,0,100.0,36.8,Medium,Orange,1.501,1,0,Synthetic dataset created for academic semiconductor SCM simulation,7
2022-07-02,Logic IC,North America,Automotive,Supplier_D,Sea,6983,6862,2.55,17806.65,3563,1745,4538,21,0,26,886.35,Unknown,0,6983,0,100.0,12.4,Low,Green,1.029,0,0,Synthetic dataset created for academic semiconductor SCM simulation,7
2022-07-03,Sensor IC,Rest of World,Industrial,Supplier_C,Multimodal,4683,5075,7.41,34701.03,5303,1170,3043,28,1,25,1311.03,Logistics Delay,1,4683,0,100.0,31.5,Low,Green,1.284,0,1,Synthetic dataset created for academic semiconductor SCM simulation,7
2022-07-04,Microcontroller,Rest of World,Automotive,Supplier_C,Road,5584,5882,2.26,12619.84,4178,1396,3629,20,15,5,1304.07,Supplier Delay,5,5584,0,100.0,92.5,High,Red,1.063,0,1,Synthetic dataset created for academic semiconductor SCM simulation,7
2022-07-05,Analog IC,India,Industrial,Supplier_C,Air,5298,5747,5.11,27072.78,4496,1324,3443,27,2,2,2877.82,Unknown,0,5298,0,100.0,15.4,Low,Green,1.254,0,1,Synthetic dataset created for academic semiconductor SCM simulation,7
2022-07-06,Power IC,India,Computing,Supplier_A,Sea,2952,3047,6.09,17977.68,2400,738,1918,23,2,23,373.0,Unknown,0,2952,0,100.0,19.4,Low,Green,1.182,0,1,Synthetic dataset created for academic semiconductor SCM simulation,7
2022-07-07,Logic IC,Rest of World,Automotive,Supplier_B,Sea,7166,7827,4.72,33823.52,7322,1791,4657,26,0,35,905.34,Logistics Delay,2,7166,0,100.0,41.6,Medium,Orange,1.071,0,1,Synthetic dataset created for academic semiconductor SCM simulation,7
2022-07-08,Microcontroller,North America,Industrial,Supplier_D,Multimodal,5795,5849,3.45,19992.75,7060,1448,3766,27,2,16,1284.29,Unknown,0,5795,0,100.0,18.6,Low,Green,1.156,0,1,Synthetic dataset created for academic semiconductor SCM simulation,7
2022-07-09,Memory Chip,North America,Consumer Electronics,Supplier_B,Road,9571,9125,10.78,103175.38,6234,2392,6221,33,3,7,1976.92,Supplier Delay,5,9571,0,100.0,66.1,High,Red,1.051,0,1,Synthetic dataset created for academic semiconductor SCM simulation,7
2022-07-10,Power IC,Europe,Telecom,Supplier_D,Road,3610,3749,7.0,25270.0,3189,902,2346,32,0,9,787.33,Unknown,0,3610,0,100.0,14.4,Low,Green,1.074,0,0,Synthetic dataset created for academic semiconductor SCM simulation,7
2022-07-11,Power IC,Europe,Industrial,Supplier_C,Road,4016,4168,3.74,15019.84,1899,1004,2610,13,1,10,745.97,Unknown,0,4016,0,100.0,3.5,Low,Green,1.115,0,1,Synthetic dataset created for academic semiconductor SCM simulation,7
2022-07-12,Power IC,Europe,Telecom,Supplier_D,Multimodal,3881,4862,7.53,29223.93,958,970,2522,40,0,12,1344.47,Inventory Shortage,2,3881,0,100.0,40.0,Medium,Orange,1.221,0,0,Synthetic dataset created for academic semiconductor SCM simulation,7
2022-07-13,Memory Chip,Europe,Computing,Supplier_B,Road,6624,6692,10.39,68823.36,8055,1656,4305,21,16,9,1256.5,Supplier Delay,2,6624,0,100.0,73.2,High,Red,1.079,0,1,Synthetic dataset created for academic semiconductor SCM simulation,7
2022-07-14,Analog IC,Rest of World,Computing,Supplier_E,Air,5243,5587,7.3,38273.9,5046,1310,3407,27,2,3,2399.94,Unknown,0,5243,0,100.0,15.4,Low,Green,1.254,0,1,Synthetic dataset created for academic semiconductor SCM simulation,7
2022-07-15,Sensor IC,North America,Industrial,Supplier_B,Air,4877,5156,3.39,16533.03,4724,1219,3170,32,0,5,2451.5,Unknown,0,4877,0,100.0,14.4,Low,Green,1.046,0,0,Synthetic dataset created for academic semiconductor SCM simulation,7
2022-07-16,Microcontroller,North America,Computing,Supplier_D,Multimodal,3909,3738,3.79,14815.11,4339,977,2540,25,2,20,808.52,Unknown,0,3909,0,100.0,19.4,Low,Green,0.963,0,1,Synthetic dataset created for academic semiconductor SCM simulation,7
2022-07-17,Power IC,Europe,Consumer Electronics,Supplier_A,Multimodal,4638,4647,2.25,10435.5,6242,1159,3014,13,0,16,1300.85,Unknown,0,4638,0,100.0,3.2,Low,Green,1.038,0,0,Synthetic dataset created for academic semiconductor SCM simulation,7
2022-07-18,Sensor IC,Europe,Consumer Electronics,Supplier_B,Multimodal,5225,6838,3.32,17347.0,2863,1306,3396,23,1,22,1740.28,Inventory Shortage,2,5225,0,100.0,31.1,Low,Green,1.46,0,1,Synthetic dataset created for academic semiconductor SCM simulation,7
2022-07-19,Analog IC,Asia-Pacific,Automotive,Supplier_A,Multimodal,5752,5585,4.53,26056.56,5281,1438,3738,34,0,20,1246.97,Unknown,0,5752,0,100.0,23.2,Low,Green,1.074,0,0,Synthetic dataset created for academic semiconductor SCM simulation,7
2022-07-20,Analog IC,North America,Telecom,Supplier_A,Air,5451,5742,9.78,53310.78,4888,1362,3543,28,4,4,2198.99,Unknown,0,5451,0,100.0,23.6,Low,Green,1.055,0,1,Synthetic dataset created for academic semiconductor SCM simulation,7
2022-07-21,Sensor IC,Europe,Consumer Electronics,Supplier_A,Air,5814,6348,7.82,45465.48,5006,1453,3779,16,5,6,2914.92,Supplier Delay,1,5814,0,100.0,25.5,Low,Green,1.304,0,1,Synthetic dataset created for academic semiconductor SCM simulation,7
2022-07-22,Power IC,India,Automotive,Supplier_A,Sea,4597,4896,5.32,24456.04,3428,1149,2988,15,0,18,589.27,Unknown,0,4597,0,100.0,4.8,Low,Green,1.25,0,0,Synthetic dataset created for academic semiconductor SCM simulation,7
2022-07-23,Logic IC,Europe,Automotive,Supplier_C,Road,5481,5580,12.2,66868.2,6049,1370,3562,20,2,7,996.33,Unknown,0,5481,0,100.0,7.0,Low,Green,1.217,0,1,Synthetic dataset created for academic semiconductor SCM simulation,7
2022-07-24,Memory Chip,Asia-Pacific,Telecom,Supplier_E,Multimodal,8357,8478,6.14,51311.98,7075,2089,5432,20,0,11,2373.05,Unknown,0,8357,0,100.0,0.0,Low,Green,0.98,0,0,Synthetic dataset created for academic semiconductor SCM simulation,7
2022-07-25,Analog IC,Europe,Automotive,Supplier_E,Sea,4729,6075,8.18,38683.22,2579,1182,3073,32,1,29,769.63,Inventory Shortage,3,4729,0,100.0,55.5,Medium,Orange,1.238,0,1,Synthetic dataset created for academic semiconductor SCM simulation,7
2022-07-26,Analog IC,North America,Computing,Supplier_D,Multimodal,5891,5837,11.7,68924.7,6899,1472,3829,19,0,11,1453.73,Unknown,0,5891,0,100.0,0.0,Low,Green,1.052,0,0,Synthetic dataset created for academic semiconductor SCM simulation,7
2022-07-27,Sensor IC,India,Industrial,Supplier_A,Multimodal,5763,7120,1.8,10373.4,7522,1440,3745,14,1,20,1882.14,Demand Spike,1,5763,0,100.0,17.9,Low,Green,1.286,1,1,Synthetic dataset created for academic semiconductor SCM simulation,7
2022-07-28,Microcontroller,North America,Telecom,Supplier_C,Multimodal,5146,4973,8.16,41991.36,6469,1286,3344,12,0,21,1112.24,Unknown,0,5146,0,100.0,7.2,Low,Green,1.037,0,0,Synthetic dataset created for academic semiconductor SCM simulation,7
2022-07-29,Analog IC,India,Automotive,Supplier_C,Sea,5075,5623,5.93,30094.75,6516,1268,3298,26,2,28,633.59,Unknown,0,5075,0,100.0,27.0,Low,Green,1.285,0,1,Synthetic dataset created for academic semiconductor SCM simulation,7
2022-07-30,Logic IC,Asia-Pacific,Telecom,Supplier_D,Sea,6665,7391,10.91,72715.15,6601,1666,4332,33,8,23,826.2,Supplier Delay,5,6665,0,100.0,92.4,High,Red,1.298,0,1,Synthetic dataset created for academic semiconductor SCM simulation,7
2022-07-31,Logic IC,India,Telecom,Supplier_E,Sea,6579,7327,12.29,80855.91,4819,1644,4276,34,0,34,857.83,Unknown,0,6579,0,100.0,34.4,Low,Green,1.263,0,0,Synthetic dataset created for academic semiconductor SCM simulation,7
2022-08-01,Logic IC,North America,Consumer Electronics,Supplier_B,Road,5478,5865,12.34,67598.52,5278,1369,3560,17,0,10,1163.51,Unknown,0,5478,0,100.0,0.0,Low,Green,1.196,0,0,Synthetic dataset created for academic semiconductor SCM simulation,8
2022-08-02,Sensor IC,Rest of World,Industrial,Supplier_D,Air,3370,3215,3.11,10480.7,3611,842,2190,35,0,3,1555.3,Unknown,0,3370,0,100.0,18.0,Low,Green,0.977,0,0,Synthetic dataset created for academic semiconductor SCM simulation,8
2022-08-03,Logic IC,Asia-Pacific,Industrial,Supplier_D,Air,5302,5239,8.89,47134.78,6146,1325,3446,27,0,4,2255.32,Unknown,0,5302,0,100.0,8.4,Low,Green,1.108,0,0,Synthetic dataset created for academic semiconductor SCM simulation,8
2022-08-04,Logic IC,Asia-Pacific,Automotive,Supplier_C,Sea,5391,5882,11.67,62912.97,3364,1347,3504,34,14,35,723.03,Supplier Delay,4,5391,0,100.0,100.0,High,Red,1.159,0,1,Synthetic dataset created for academic semiconductor SCM simulation,8
2022-08-05,Analog IC,Asia-Pacific,Consumer Electronics,Supplier_B,Air,4828,4693,7.84,37851.52,4766,1207,3138,20,0,5,2323.07,Unknown,0,4828,0,100.0,0.0,Low,Green,1.111,0,0,Synthetic dataset created for academic semiconductor SCM simulation,8
2022-08-06,Analog IC,Rest of World,Industrial,Supplier_D,Road,5783,6189,7.25,41926.75,3080,1445,3758,23,0,11,1247.77,Unknown,0,5783,0,100.0,3.6,Low,Green,1.076,0,0,Synthetic dataset created for academic semiconductor SCM simulation,8
2022-08-07,Memory Chip,Europe,Industrial,Supplier_C,Road,7649,8562,11.26,86127.74,7717,1912,4971,32,0,8,1763.61,Unknown,0,7649,0,100.0,14.4,Low,Green,1.332,0,0,Synthetic dataset created for academic semiconductor SCM simulation,8
2022-08-08,Analog IC,Europe,Telecom,Supplier_A,Multimodal,6362,6826,2.25,14314.5,8006,1590,4135,28,2,17,1495.97,Unknown,0,6362,0,100.0,20.6,Low,Green,1.071,0,1,Synthetic dataset created for academic semiconductor SCM simulation,8
2022-08-09,Logic IC,Asia-Pacific,Automotive,Supplier_B,Air,5782,6343,6.55,37872.1,2725,1445,3758,15,9,6,2945.95,Supplier Delay,2,5782,0,100.0,47.5,Medium,Orange,1.239,0,1,Synthetic dataset created for academic semiconductor SCM simulation,8
2022-08-10,Microcontroller,Asia-Pacific,Automotive,Supplier_A,Sea,5657,7903,5.77,32640.89,5268,1414,3677,26,0,28,957.99,Demand Spike,5,5657,0,100.0,60.0,Medium,Orange,1.551,1,0,Synthetic dataset created for academic semiconductor SCM simulation,8
2022-08-11,Logic IC,Asia-Pacific,Computing,Supplier_A,Air,5594,5966,8.47,47381.18,3304,1398,3636,21,1,5,2278.32,Unknown,0,5594,0,100.0,4.7,Low,Green,1.072,0,1,Synthetic dataset created for academic semiconductor SCM simulation,8
2022-08-12,Analog IC,India,Computing,Supplier_C,Sea,5912,6507,11.65,68874.8,5707,1478,3842,35,0,35,653.16,Unknown,0,5912,0,100.0,36.4,Medium,Orange,1.154,0,0,Synthetic dataset created for academic semiconductor SCM simulation,8
2022-08-13,Logic IC,Asia-Pacific,Industrial,Supplier_B,Road,6525,6377,4.42,28840.5,6880,1631,4241,20,0,24,1117.05,Logistics Delay,2,6525,0,100.0,25.6,Low,Green,0.99,0,1,Synthetic dataset created for academic semiconductor SCM simulation,8
2022-08-14,Memory Chip,Rest of World,Telecom,Supplier_C,Road,9243,9810,3.3,30501.9,9644,2310,6007,31,0,12,1861.11,Unknown,0,9243,0,100.0,13.2,Low,Green,1.192,0,0,Synthetic dataset created for academic semiconductor SCM simulation,8
2022-08-15,Memory Chip,Rest of World,Computing,Supplier_C,Road,7898,8557,10.03,79216.94,6104,1974,5133,32,0,10,1689.0,Unknown,0,7898,0,100.0,14.4,Low,Green,1.112,0,0,Synthetic dataset created for academic semiconductor SCM simulation,8
2022-08-16,Logic IC,Asia-Pacific,Consumer Electronics,Supplier_E,Air,6035,6647,4.16,25105.6,5920,1508,3922,42,0,15,2851.88,Logistics Delay,2,6035,0,100.0,44.8,Medium,Orange,1.296,0,1,Synthetic dataset created for academic semiconductor SCM simulation,8
2022-08-17,Logic IC,Europe,Computing,Supplier_E,Multimodal,5914,6514,8.29,49027.06,6188,1478,3844,24,0,15,1642.54,Unknown,0,5914,0,100.0,7.2,Low,Green,1.28,0,0,Synthetic dataset created for academic semiconductor SCM simulation,8
2022-08-18,Logic IC,North America,Computing,Supplier_B,Multimodal,5809,6077,8.04,46704.36,3825,1452,3775,16,1,13,1645.81,Unknown,0,5809,0,100.0,4.3,Low,Green,1.063,0,1,Synthetic dataset created for academic semiconductor SCM simulation,8
2022-08-19,Memory Chip,Asia-Pacific,Consumer Electronics,Supplier_E,Road,5875,6560,5.76,33840.0,5751,1468,3818,40,0,21,1263.3,Logistics Delay,1,5875,0,100.0,39.2,Medium,Orange,1.312,0,1,Synthetic dataset created for academic semiconductor SCM simulation,8
2022-08-20,Microcontroller,Rest of World,Industrial,Supplier_D,Sea,5781,5838,10.14,58619.34,3002,1445,3757,35,0,18,609.87,Unknown,0,5781,0,100.0,22.8,Low,Green,1.122,0,0,Synthetic dataset created for academic semiconductor SCM simulation,8
2022-08-21,Memory Chip,North America,Consumer Electronics,Supplier_B,Road,6082,6616,10.12,61549.84,2859,1520,3953,27,18,7,1445.61,Supplier Delay,4,6082,0,100.0,100.0,High,Red,1.045,0,1,Synthetic dataset created for academic semiconductor SCM simulation,8
2022-08-22,Logic IC,Rest of World,Consumer Electronics,Supplier_B,Air,5347,5130,4.81,25719.07,7183,1336,3475,17,0,12,2229.5,Logistics Delay,2,5347,0,100.0,16.0,Low,Green,1.119,0,1,Synthetic dataset created for academic semiconductor SCM simulation,8
2022-08-23,Memory Chip,North America,Telecom,Supplier_E,Sea,7852,8339,5.11,40123.72,4300,1963,5103,42,0,20,931.64,Unknown,0,7852,0,100.0,32.8,Low,Green,1.063,0,0,Synthetic dataset created for academic semiconductor SCM simulation,8
2022-08-24,Logic IC,India,Consumer Electronics,Supplier_E,Air,4848,5348,8.4,40723.2,2186,1212,3151,35,1,2,2384.94,Unknown,0,4848,0,100.0,21.5,Low,Green,1.307,0,1,Synthetic dataset created for academic semiconductor SCM simulation,8
2022-08-25,Analog IC,India,Computing,Supplier_D,Road,6046,6708,6.82,41233.72,6888,1511,3929,28,0,11,1244.38,Unknown,0,6046,0,100.0,9.6,Low,Green,1.306,0,0,Synthetic dataset created for academic semiconductor SCM simulation,8
2022-08-26,Microcontroller,Europe,Computing,Supplier_E,Multimodal,4287,4076,8.96,38411.52,5032,1071,2786,18,0,20,940.7,Unknown,0,4287,0,100.0,6.4,Low,Green,1.0,0,0,Synthetic dataset created for academic semiconductor SCM simulation,8
2022-08-27,Microcontroller,North America,Telecom,Supplier_E,Road,4885,5148,11.32,55298.2,4637,1221,3175,32,0,12,988.94,Unknown,0,4885,0,100.0,14.4,Low,Green,1.068,0,0,Synthetic dataset created for academic semiconductor SCM simulation,8
2022-08-28,Power IC,Rest of World,Industrial,Supplier_D,Sea,4254,4582,5.5,23397.0,4535,1063,2765,37,0,42,546.46,Logistics Delay,1,4254,0,100.0,52.4,Medium,Orange,1.037,0,1,Synthetic dataset created for academic semiconductor SCM simulation,8
2022-08-29,Sensor IC,Asia-Pacific,Automotive,Supplier_B,Multimodal,5048,4985,2.52,12720.96,2532,1262,3281,13,1,21,1422.59,Unknown,0,5048,0,100.0,10.7,Low,Green,1.129,0,1,Synthetic dataset created for academic semiconductor SCM simulation,8
2022-08-30,Memory Chip,India,Telecom,Supplier_A,Sea,6986,6976,2.57,17954.02,9277,1746,4540,31,0,30,841.41,Logistics Delay,5,6986,0,100.0,67.6,High,Red,0.97,0,1,Synthetic dataset created for academic semiconductor SCM simulation,8
2022-08-31,Power IC,India,Industrial,Supplier_D,Multimodal,3247,3592,6.37,20683.39,2790,811,2110,43,14,19,1024.94,Supplier Delay,1,3247,0,100.0,90.2,High,Red,1.163,0,1,Synthetic dataset created for academic semiconductor SCM simulation,8
2022-09-01,Microcontroller,Europe,Consumer Electronics,Supplier_D,Air,4446,4604,5.13,22807.98,3509,1111,2889,23,0,4,1997.16,Unknown,0,4446,0,100.0,3.6,Low,Green,1.109,0,0,Synthetic dataset created for academic semiconductor SCM simulation,9
2022-09-02,Memory Chip,Europe,Telecom,Supplier_D,Air,6545,7095,4.62,30237.9,4407,1636,4254,37,1,5,3425.85,Unknown,0,6545,0,100.0,23.9,Low,Green,1.055,0,1,Synthetic dataset created for academic semiconductor SCM simulation,9
2022-09-03,Analog IC,Europe,Automotive,Supplier_E,Sea,5262,5315,10.94,57566.28,6501,1315,3420,23,3,33,655.18,Unknown,0,5262,0,100.0,30.9,Low,Green,1.012,0,1,Synthetic dataset created for academic semiconductor SCM simulation,9
2022-09-04,Memory Chip,North America,Computing,Supplier_C,Sea,7292,8112,7.62,55565.04,6512,1823,4739,12,1,19,969.24,Unknown,0,7292,0,100.0,9.1,Low,Green,1.331,0,1,Synthetic dataset created for academic semiconductor SCM simulation,9
2022-09-05,Logic IC,Europe,Telecom,Supplier_B,Road,5654,6092,3.45,19506.3,6922,1413,3675,28,1,5,1162.33,Unknown,0,5654,0,100.0,13.1,Low,Green,1.233,0,1,Synthetic dataset created for academic semiconductor SCM simulation,9
2022-09-06,Sensor IC,Asia-Pacific,Computing,Supplier_D,Road,4380,4593,4.73,20717.4,4387,1095,2847,39,0,8,908.8,Unknown,0,4380,0,100.0,22.8,Low,Green,1.092,0,0,Synthetic dataset created for academic semiconductor SCM simulation,9
2022-09-07,Sensor IC,India,Consumer Electronics,Supplier_D,Road,4336,4414,5.86,25408.96,3637,1084,2818,33,4,9,814.12,Unknown,0,4336,0,100.0,29.6,Low,Green,1.064,0,1,Synthetic dataset created for academic semiconductor SCM simulation,9
2022-09-08,Memory Chip,North America,Telecom,Supplier_A,Sea,6812,7089,5.67,38624.04,4386,1703,4427,27,0,34,740.02,Logistics Delay,5,6812,0,100.0,66.0,High,Red,1.055,0,1,Synthetic dataset created for academic semiconductor SCM simulation,9
2022-09-09,Analog IC,Asia-Pacific,Telecom,Supplier_C,Road,5377,5620,11.32,60867.64,3382,1344,3495,20,0,10,1269.54,Unknown,0,5377,0,100.0,0.0,Low,Green,1.143,0,0,Synthetic dataset created for academic semiconductor SCM simulation,9
2022-09-10,Analog IC,Rest of World,Consumer Electronics,Supplier_C,Road,7373,8657,8.32,61343.36,5598,1843,4792,16,2,11,1519.38,Demand Spike,4,7373,0,100.0,39.0,Medium,Orange,1.207,1,1,Synthetic dataset created for academic semiconductor SCM simulation,9
2022-09-11,Analog IC,Europe,Industrial,Supplier_E,Multimodal,5888,6038,10.63,62589.44,3312,1472,3827,30,0,12,1675.56,Unknown,0,5888,0,100.0,12.0,Low,Green,1.034,0,0,Synthetic dataset created for academic semiconductor SCM simulation,9
2022-09-12,Power IC,Asia-Pacific,Consumer Electronics,Supplier_B,Multimodal,3741,3588,8.25,30863.25,4820,935,2431,28,1,25,796.79,Logistics Delay,5,3741,0,100.0,63.5,Medium,Orange,1.005,0,1,Synthetic dataset created for academic semiconductor SCM simulation,9
2022-09-13,Memory Chip,North America,Industrial,Supplier_D,Sea,7424,8111,2.51,18634.24,7005,1856,4825,37,2,33,1053.22,Unknown,0,7424,0,100.0,44.2,Medium,Orange,1.075,0,1,Synthetic dataset created for academic semiconductor SCM simulation,9
2022-09-14,Analog IC,Rest of World,Consumer Electronics,Supplier_E,Multimodal,4620,4800,8.4,38808.0,3159,1155,3003,25,0,14,1163.21,Unknown,0,4620,0,100.0,7.6,Low,Green,1.066,0,0,Synthetic dataset created for academic semiconductor SCM simulation,9
2022-09-15,Microcontroller,Rest of World,Consumer Electronics,Supplier_C,Road,4222,4016,10.66,45006.52,3319,1055,2744,27,0,8,688.39,Unknown,0,4222,0,100.0,8.4,Low,Green,1.002,0,0,Synthetic dataset created for academic semiconductor SCM simulation,9
2022-09-16,Logic IC,India,Telecom,Supplier_B,Sea,7501,8797,10.13,75985.13,3837,1875,4875,31,1,27,925.48,Demand Spike,2,7501,0,100.0,44.7,Medium,Orange,1.154,1,1,Synthetic dataset created for academic semiconductor SCM simulation,9
2022-09-17,Microcontroller,India,Computing,Supplier_D,Road,4014,3941,2.08,8349.12,3390,1003,2609,19,3,9,702.0,Supplier Delay,4,4014,0,100.0,42.5,Medium,Orange,0.935,0,1,Synthetic dataset created for academic semiconductor SCM simulation,9
2022-09-18,Microcontroller,North America,Automotive,Supplier_D,Sea,6207,7848,9.91,61511.37,7494,1551,4034,18,0,20,826.73,Demand Spike,3,6207,0,100.0,30.4,Low,Green,1.459,1,0,Synthetic dataset created for academic semiconductor SCM simulation,9
2022-09-19,Microcontroller,Asia-Pacific,Consumer Electronics,Supplier_D,Multimodal,5252,5877,3.79,19905.08,6788,1313,3413,43,0,20,1676.16,Unknown,0,5252,0,100.0,34.0,Low,Green,1.107,0,0,Synthetic dataset created for academic semiconductor SCM simulation,9
2022-09-20,Analog IC,Asia-Pacific,Computing,Supplier_E,Air,5218,5744,10.64,55519.52,5093,1304,3391,20,0,5,2746.17,Unknown,0,5218,0,100.0,0.0,Low,Green,1.155,0,0,Synthetic dataset created for academic semiconductor SCM simulation,9
2022-09-21,Memory Chip,Asia-Pacific,Automotive,Supplier_E,Multimodal,8494,8605,3.18,27010.92,4998,2123,5521,22,5,10,2078.94,Supplier Delay,2,8494,0,100.0,35.9,Medium,Orange,1.098,0,1,Synthetic dataset created for academic semiconductor SCM simulation,9
2022-09-22,Microcontroller,North America,Telecom,Supplier_B,Road,8525,9556,8.78,74849.5,5292,2131,5541,20,2,9,2013.75,Demand Spike,4,8525,0,100.0,39.0,Medium,Orange,1.117,1,1,Synthetic dataset created for academic semiconductor SCM simulation,9
2022-09-23,Power IC,Europe,Telecom,Supplier_C,Sea,3540,3456,4.21,14903.4,1652,885,2301,20,0,18,363.3,Unknown,0,3540,0,100.0,4.8,Low,Green,1.137,0,0,Synthetic dataset created for academic semiconductor SCM simulation,9
2022-09-24,Logic IC,North America,Industrial,Supplier_A,Multimodal,9132,11269,3.26,29770.32,8098,2283,5935,28,0,10,2598.06,Demand Spike,2,9132,0,100.0,25.6,Low,Green,1.203,1,0,Synthetic dataset created for academic semiconductor SCM simulation,9
2022-09-25,Logic IC,India,Telecom,Supplier_E,Road,7075,6986,9.64,68203.0,9158,1768,4598,15,0,5,1416.81,Unknown,0,7075,0,100.0,0.0,Low,Green,1.041,0,0,Synthetic dataset created for academic semiconductor SCM simulation,9
2022-09-26,Power IC,Asia-Pacific,Computing,Supplier_C,Air,3551,3503,6.12,21732.12,2392,887,2308,15,1,6,1556.38,Unknown,0,3551,0,100.0,3.5,Low,Green,1.091,0,1,Synthetic dataset created for academic semiconductor SCM simulation,9
2022-09-27,Memory Chip,Rest of World,Computing,Supplier_D,Air,7449,9441,11.91,88717.59,10045,1862,4841,25,0,5,3756.86,Demand Spike,5,7449,0,100.0,46.0,Medium,Orange,1.344,1,0,Synthetic dataset created for academic semiconductor SCM simulation,9
2022-09-28,Power IC,Europe,Computing,Supplier_C,Road,4391,5246,8.21,36050.11,5860,1097,2854,35,0,11,1114.25,Demand Spike,3,4391,0,100.0,42.0,Medium,Orange,1.313,1,0,Synthetic dataset created for academic semiconductor SCM simulation,9
2022-09-29,Logic IC,North America,Industrial,Supplier_A,Road,6599,7983,10.73,70807.27,1525,1649,4289,34,2,7,1382.26,Inventory Shortage,2,6599,0,100.0,39.8,Medium,Orange,1.26,0,1,Synthetic dataset created for academic semiconductor SCM simulation,9
2022-09-30,Logic IC,North America,Consumer Electronics,Supplier_C,Road,6677,7164,10.43,69641.11,5297,1669,4340,17,0,24,1555.13,Logistics Delay,1,6677,0,100.0,17.6,Low,Green,1.229,0,1,Synthetic dataset created for academic semiconductor SCM simulation,9
2022-10-01,Power IC,Europe,Telecom,Supplier_D,Air,3993,4300,8.92,35617.56,3826,998,2595,19,1,9,1798.41,Logistics Delay,2,3993,0,100.0,19.5,Low,Green,1.111,0,1,Synthetic dataset created for academic semiconductor SCM simulation,10
2022-10-02,Analog IC,North America,Consumer Electronics,Supplier_A,Multimodal,6479,6254,6.32,40947.28,6111,1619,4211,24,0,19,1686.47,Unknown,0,6479,0,100.0,10.4,Low,Green,0.98,0,0,Synthetic dataset created for academic semiconductor SCM simulation,10
2022-10-03,Sensor IC,Rest of World,Telecom,Supplier_B,Sea,4414,4341,5.36,23659.04,5072,1103,2869,30,0,34,440.02,Unknown,0,4414,0,100.0,29.6,Low,Green,1.014,0,0,Synthetic dataset created for academic semiconductor SCM simulation,10
2022-10-04,Logic IC,Asia-Pacific,Automotive,Supplier_D,Multimodal,5925,6288,10.18,60316.5,3911,1481,3851,21,0,10,1776.63,Unknown,0,5925,0,100.0,1.2,Low,Green,1.19,0,0,Synthetic dataset created for academic semiconductor SCM simulation,10
2022-10-05,Memory Chip,Asia-Pacific,Automotive,Supplier_A,Sea,7938,11013,2.35,18654.3,2051,1984,5159,34,1,32,1210.9,Inventory Shortage,2,7938,0,100.0,52.3,Medium,Orange,1.508,0,1,Synthetic dataset created for academic semiconductor SCM simulation,10
2022-10-06,Power IC,Rest of World,Telecom,Supplier_E,Sea,3525,3891,6.18,21784.5,1612,881,2291,23,0,26,469.28,Unknown,0,3525,0,100.0,14.8,Low,Green,1.156,0,0,Synthetic dataset created for academic semiconductor SCM simulation,10
2022-10-07,Power IC,Europe,Automotive,Supplier_A,Road,3123,3089,4.94,15427.62,2692,780,2029,34,0,13,616.37,Logistics Delay,4,3123,0,100.0,49.6,Medium,Orange,1.169,0,1,Synthetic dataset created for academic semiconductor SCM simulation,10
2022-10-08,Microcontroller,Asia-Pacific,Consumer Electronics,Supplier_E,Road,4703,4745,5.24,24643.72,3755,1175,3056,36,0,5,881.09,Unknown,0,4703,0,100.0,19.2,Low,Green,1.211,0,0,Synthetic dataset created for academic semiconductor SCM simulation,10
2022-10-09,Microcontroller,Rest of World,Industrial,Supplier_B,Sea,5526,5618,3.2,17683.2,4607,1381,3591,35,0,25,662.39,Unknown,0,5526,0,100.0,28.4,Low,Green,1.045,0,0,Synthetic dataset created for academic semiconductor SCM simulation,10
2022-10-10,Logic IC,Europe,Telecom,Supplier_E,Sea,6370,6917,11.16,71089.2,8215,1592,4140,28,1,22,717.92,Unknown,0,6370,0,100.0,21.1,Low,Green,1.281,0,1,Synthetic dataset created for academic semiconductor SCM simulation,10
2022-10-11,Power IC,Asia-Pacific,Computing,Supplier_E,Air,3994,4364,2.94,11742.36,4750,998,2596,20,0,5,2059.58,Unknown,0,3994,0,100.0,0.0,Low,Green,1.212,0,0,Synthetic dataset created for academic semiconductor SCM simulation,10
2022-10-12,Analog IC,Europe,Consumer Electronics,Supplier_B,Air,5530,6678,4.31,23834.3,2726,1382,3594,19,0,2,3180.45,Inventory Shortage,5,5530,0,100.0,40.0,Medium,Orange,1.289,0,0,Synthetic dataset created for academic semiconductor SCM simulation,10
2022-10-13,Analog IC,Europe,Consumer Electronics,Supplier_D,Multimodal,5541,5418,4.26,23604.66,3504,1385,3601,33,4,21,1432.17,Unknown,0,5541,0,100.0,36.8,Medium,Orange,0.979,0,1,Synthetic dataset created for academic semiconductor SCM simulation,10
2022-10-14,Memory Chip,India,Computing,Supplier_D,Road,8785,9504,8.89,78098.65,7565,2196,5710,31,0,5,1684.4,Unknown,0,8785,0,100.0,13.2,Low,Green,1.265,0,0,Synthetic dataset created for academic semiconductor SCM simulation,10
2022-10-15,Memory Chip,Rest of World,Computing,Supplier_D,Air,6122,6353,9.14,55955.08,4377,1530,3979,16,0,5,2534.7,Unknown,0,6122,0,100.0,0.0,Low,Green,1.224,0,0,Synthetic dataset created for academic semiconductor SCM simulation,10
2022-10-16,Analog IC,Rest of World,Consumer Electronics,Supplier_D,Multimodal,6083,6384,10.94,66548.02,7646,1520,3953,32,0,12,1587.48,Unknown,0,6083,0,100.0,14.4,Low,Green,1.232,0,0,Synthetic dataset created for academic semiconductor SCM simulation,10
2022-10-17,Sensor IC,Asia-Pacific,Industrial,Supplier_C,Sea,4951,4780,8.16,40400.16,4507,1237,3218,32,14,34,598.0,Supplier Delay,1,4951,0,100.0,89.0,High,Red,1.146,0,1,Synthetic dataset created for academic semiconductor SCM simulation,10
2022-10-18,Sensor IC,Rest of World,Telecom,Supplier_A,Sea,5209,5092,3.1,16147.9,4436,1302,3385,34,4,27,633.27,Supplier Delay,2,5209,0,100.0,58.8,Medium,Orange,1.082,0,1,Synthetic dataset created for academic semiconductor SCM simulation,10
2022-10-19,Microcontroller,North America,Consumer Electronics,Supplier_A,Road,4614,4773,6.64,30636.96,3960,1153,2999,12,0,8,995.6,Unknown,0,4614,0,100.0,0.0,Low,Green,1.097,0,0,Synthetic dataset created for academic semiconductor SCM simulation,10
2022-10-20,Logic IC,Rest of World,Automotive,Supplier_B,Road,7053,7914,3.63,25602.39,5820,1763,4584,13,0,10,1375.41,Demand Spike,1,7053,0,100.0,8.0,Low,Green,1.116,1,0,Synthetic dataset created for academic semiconductor SCM simulation,10
2022-10-21,Analog IC,Europe,Computing,Supplier_E,Sea,4874,5456,9.69,47229.06,2427,1218,3168,26,2,31,624.91,Inventory Shortage,5,4874,0,100.0,69.4,High,Red,1.156,0,1,Synthetic dataset created for academic semiconductor SCM simulation,10
2022-10-22,Sensor IC,Rest of World,Consumer Electronics,Supplier_B,Air,5300,5470,8.0,42400.0,5357,1325,3445,34,12,5,2464.06,Supplier Delay,1,5300,0,100.0,66.8,High,Red,1.22,0,1,Synthetic dataset created for academic semiconductor SCM simulation,10
2022-10-23,Logic IC,Rest of World,Telecom,Supplier_E,Multimodal,7059,6921,8.5,60001.5,3925,1764,4588,38,4,17,1806.61,Unknown,0,7059,0,100.0,39.6,Medium,Orange,1.139,0,1,Synthetic dataset created for academic semiconductor SCM simulation,10
2022-10-24,Logic IC,India,Telecom,Supplier_A,Road,5487,5810,9.35,51303.45,5856,1371,3566,20,1,10,995.54,Unknown,0,5487,0,100.0,3.5,Low,Green,1.096,0,1,Synthetic dataset created for academic semiconductor SCM simulation,10
2022-10-25,Analog IC,Rest of World,Computing,Supplier_A,Sea,6411,6999,11.22,71931.42,8032,1602,4167,27,3,22,837.76,Unknown,0,6411,0,100.0,26.9,Low,Green,1.184,0,1,Synthetic dataset created for academic semiconductor SCM simulation,10
2022-10-26,Power IC,India,Telecom,Supplier_A,Road,3149,3001,6.61,20814.89,2378,787,2046,22,1,7,656.99,Unknown,0,3149,0,100.0,5.9,Low,Green,0.995,0,1,Synthetic dataset created for academic semiconductor SCM simulation,10
2022-10-27,Logic IC,North America,Computing,Supplier_E,Multimodal,5842,5665,10.31,60231.02,3878,1460,3797,28,2,11,1426.38,Unknown,0,5842,0,100.0,16.6,Low,Green,1.031,0,1,Synthetic dataset created for academic semiconductor SCM simulation,10
2022-10-28,Power IC,North America,Computing,Supplier_C,Sea,5939,6780,5.95,35337.05,6785,1484,3860,18,0,34,744.46,Demand Spike,1,5939,0,100.0,25.6,Low,Green,1.113,1,0,Synthetic dataset created for academic semiconductor SCM simulation,10
2022-10-29,Logic IC,North America,Consumer Electronics,Supplier_A,Multimodal,7156,7850,3.32,23757.92,3884,1789,4651,21,3,17,2198.17,Unknown,0,7156,0,100.0,15.7,Low,Green,1.252,0,1,Synthetic dataset created for academic semiconductor SCM simulation,10
2022-10-30,Analog IC,Europe,Automotive,Supplier_E,Road,5170,5163,7.32,37844.4,5225,1292,3360,33,0,9,887.36,Unknown,0,5170,0,100.0,15.6,Low,Green,1.077,0,0,Synthetic dataset created for academic semiconductor SCM simulation,10
2022-10-31,Memory Chip,Rest of World,Industrial,Supplier_E,Road,7085,7866,11.04,78218.4,6189,1771,4605,33,0,12,1403.41,Unknown,0,7085,0,100.0,15.6,Low,Green,1.242,0,0,Synthetic dataset created for academic semiconductor SCM simulation,10
2022-11-01,Microcontroller,India,Automotive,Supplier_A,Multimodal,4643,4897,4.87,22611.41,5442,1160,3017,18,1,25,1090.51,Logistics Delay,4,4643,0,100.0,45.9,Medium,Orange,1.186,0,1,Synthetic dataset created for academic semiconductor SCM simulation,11
2022-11-02,Microcontroller,India,Industrial,Supplier_D,Multimodal,6078,6005,10.08,61266.24,4511,1519,3950,35,3,22,1669.25,Unknown,0,6078,0,100.0,36.5,Medium,Orange,1.059,0,1,Synthetic dataset created for academic semiconductor SCM simulation,11
2022-11-03,Microcontroller,India,Automotive,Supplier_C,Multimodal,7078,8663,8.69,61507.82,4704,1769,4600,15,0,16,2239.55,Demand Spike,5,7078,0,100.0,43.2,Medium,Orange,1.237,1,0,Synthetic dataset created for academic semiconductor SCM simulation,11
2022-11-04,Memory Chip,India,Telecom,Supplier_A,Road,8307,8871,6.94,57650.58,4320,2076,5399,25,0,8,1851.99,Unknown,0,8307,0,100.0,6.0,Low,Green,1.263,0,0,Synthetic dataset created for academic semiconductor SCM simulation,11
2022-11-05,Logic IC,India,Automotive,Supplier_E,Multimodal,6635,6650,6.36,42198.6,3352,1658,4312,33,0,17,1745.22,Unknown,0,6635,0,100.0,19.6,Low,Green,1.007,0,0,Synthetic dataset created for academic semiconductor SCM simulation,11
2022-11-06,Memory Chip,Rest of World,Automotive,Supplier_B,Sea,8563,8559,8.97,76810.11,10905,2140,5565,26,0,27,1050.08,Unknown,0,8563,0,100.0,19.2,Low,Green,1.197,0,0,Synthetic dataset created for academic semiconductor SCM simulation,11
2022-11-07,Logic IC,Asia-Pacific,Computing,Supplier_E,Multimodal,7729,8526,12.26,94757.54,8362,1932,5023,19,0,10,1986.02,Unknown,0,7729,0,100.0,0.0,Low,Green,1.157,0,0,Synthetic dataset created for academic semiconductor SCM simulation,11
2022-11-08,Power IC,India,Telecom,Supplier_D,Multimodal,3302,3508,5.74,18953.48,3477,825,2146,24,0,14,1009.66,Unknown,0,3302,0,100.0,6.4,Low,Green,1.045,0,0,Synthetic dataset created for academic semiconductor SCM simulation,11
2022-11-09,Microcontroller,Asia-Pacific,Consumer Electronics,Supplier_D,Multimodal,5799,6303,10.07,58395.93,6889,1449,3769,40,3,18,1553.92,Unknown,0,5799,0,100.0,39.3,Medium,Orange,1.137,0,1,Synthetic dataset created for academic semiconductor SCM simulation,11
2022-11-10,Memory Chip,North America,Telecom,Supplier_E,Air,8095,8855,4.8,38856.0,8778,2023,5261,32,0,6,3981.09,Unknown,0,8095,0,100.0,14.4,Low,Green,1.07,0,0,Synthetic dataset created for academic semiconductor SCM simulation,11
2022-11-11,Sensor IC,Asia-Pacific,Consumer Electronics,Supplier_E,Road,4763,4723,7.48,35627.24,4153,1190,3095,40,0,17,1017.22,Logistics Delay,1,4763,0,100.0,36.0,Medium,Orange,1.069,0,1,Synthetic dataset created for academic semiconductor SCM simulation,11
2022-11-12,Sensor IC,Rest of World,Industrial,Supplier_D,Road,5054,5589,10.11,51095.94,1006,1263,3285,39,1,5,1106.46,Inventory Shortage,3,5054,0,100.0,50.3,Medium,Orange,1.324,0,1,Synthetic dataset created for academic semiconductor SCM simulation,11
2022-11-13,Analog IC,Rest of World,Automotive,Supplier_C,Multimodal,6643,6595,8.16,54206.88,5659,1660,4317,20,2,34,1496.29,Logistics Delay,3,6643,0,100.0,48.6,Medium,Orange,1.144,0,1,Synthetic dataset created for academic semiconductor SCM simulation,11
2022-11-14,Power IC,North America,Telecom,Supplier_B,Air,4383,4226,2.93,12842.19,4487,1095,2848,16,2,5,1831.82,Unknown,0,4383,0,100.0,7.0,Low,Green,0.967,0,1,Synthetic dataset created for academic semiconductor SCM simulation,11
2022-11-15,Analog IC,Europe,Automotive,Supplier_C,Air,6666,6872,11.48,76525.68,5607,1666,4332,29,0,5,3056.91,Unknown,0,6666,0,100.0,10.8,Low,Green,1.054,0,0,Synthetic dataset created for academic semiconductor SCM simulation,11
2022-11-16,Sensor IC,India,Industrial,Supplier_E,Air,5224,5434,4.98,26015.52,3551,1306,3395,31,3,4,2603.39,Unknown,0,5224,0,100.0,23.7,Low,Green,1.14,0,1,Synthetic dataset created for academic semiconductor SCM simulation,11
2022-11-17,Sensor IC,North America,Computing,Supplier_B,Road,4175,3973,1.88,7849.0,2703,1043,2713,14,0,6,780.37,Unknown,0,4175,0,100.0,0.0,Low,Green,0.971,0,0,Synthetic dataset created for academic semiconductor SCM simulation,11
2022-11-18,Memory Chip,Asia-Pacific,Automotive,Supplier_E,Air,5405,5680,12.03,65022.15,6809,1351,3513,24,0,2,2616.81,Unknown,0,5405,0,100.0,4.8,Low,Green,1.147,0,0,Synthetic dataset created for academic semiconductor SCM simulation,11
2022-11-19,Memory Chip,Asia-Pacific,Consumer Electronics,Supplier_C,Road,5942,6422,9.81,58291.02,4721,1485,3862,33,13,6,1382.62,Supplier Delay,3,5942,0,100.0,85.1,High,Red,1.117,0,1,Synthetic dataset created for academic semiconductor SCM simulation,11
2022-11-20,Microcontroller,Europe,Industrial,Supplier_B,Multimodal,5786,6460,3.81,22044.66,3740,1446,3760,24,0,18,1752.9,Unknown,0,5786,0,100.0,9.6,Low,Green,1.24,0,0,Synthetic dataset created for academic semiconductor SCM simulation,11
2022-11-21,Sensor IC,Europe,Automotive,Supplier_A,Air,8919,10681,10.2,90973.8,9693,2229,5797,33,0,3,4042.4,Demand Spike,1,8919,0,100.0,23.6,Low,Green,1.369,1,0,Synthetic dataset created for academic semiconductor SCM simulation,11
2022-11-22,Sensor IC,India,Telecom,Supplier_A,Sea,5432,6041,9.16,49757.12,2714,1358,3530,27,0,29,658.43,Unknown,0,5432,0,100.0,22.0,Low,Green,1.334,0,0,Synthetic dataset created for academic semiconductor SCM simulation,11
2022-11-23,Analog IC,Asia-Pacific,Industrial,Supplier_E,Road,8354,9405,3.91,32664.14,5183,2088,5430,39,2,6,1843.05,Demand Spike,2,8354,0,100.0,45.8,Medium,Orange,1.08,1,1,Synthetic dataset created for academic semiconductor SCM simulation,11
2022-11-24,Microcontroller,Rest of World,Consumer Electronics,Supplier_D,Multimodal,5829,6073,4.82,28095.78,6405,1457,3788,37,1,10,1459.44,Unknown,0,5829,0,100.0,23.9,Low,Green,1.095,0,1,Synthetic dataset created for academic semiconductor SCM simulation,11
2022-11-25,Memory Chip,Rest of World,Telecom,Supplier_E,Sea,8176,8789,7.58,61974.08,3784,2044,5314,17,3,19,1058.28,Unknown,0,8176,0,100.0,16.1,Low,Green,1.191,0,1,Synthetic dataset created for academic semiconductor SCM simulation,11
2022-11-26,Power IC,Asia-Pacific,Telecom,Supplier_E,Sea,5574,6472,8.49,47323.26,5940,1393,3623,21,1,28,666.53,Demand Spike,1,5574,0,100.0,25.5,Low,Green,1.262,1,1,Synthetic dataset created for academic semiconductor SCM simulation,11
2022-11-27,Power IC,North America,Automotive,Supplier_E,Sea,3983,4064,7.62,30350.46,4058,995,2588,32,0,19,508.43,Unknown,0,3983,0,100.0,20.0,Low,Green,1.065,0,0,Synthetic dataset created for academic semiconductor SCM simulation,11
2022-11-28,Memory Chip,Asia-Pacific,Telecom,Supplier_A,Air,8655,9584,9.97,86290.35,6005,2163,5625,30,2,5,3795.54,Unknown,0,8655,0,100.0,19.0,Low,Green,1.177,0,1,Synthetic dataset created for academic semiconductor SCM simulation,11
2022-11-29,Memory Chip,North America,Computing,Supplier_A,Sea,7949,8668,5.51,43798.99,8004,1987,5166,25,0,24,1137.54,Unknown,0,7949,0,100.0,15.6,Low,Green,1.271,0,0,Synthetic dataset created for academic semiconductor SCM simulation,11
2022-11-30,Logic IC,Rest of World,Consumer Electronics,Supplier_D,Sea,5749,5650,10.46,60134.54,2810,1437,3736,41,4,33,684.3,Unknown,0,5749,0,100.0,56.0,Medium,Orange,1.092,0,1,Synthetic dataset created for academic semiconductor SCM simulation,11
2022-12-01,Power IC,North America,Telecom,Supplier_C,Road,3676,3557,2.15,7903.4,4040,919,2389,29,0,6,789.72,Unknown,0,3676,0,100.0,10.8,Low,Green,1.063,0,0,Synthetic dataset created for academic semiconductor SCM simulation,12
2022-12-02,Power IC,India,Consumer Electronics,Supplier_C,Sea,4811,5633,3.4,16357.4,6182,1202,3127,19,0,33,584.61,Demand Spike,3,4811,0,100.0,40.8,Medium,Orange,1.245,1,0,Synthetic dataset created for academic semiconductor SCM simulation,12
2022-12-03,Sensor IC,Europe,Consumer Electronics,Supplier_D,Sea,4310,4187,8.03,34609.3,2792,1077,2801,17,0,32,519.57,Unknown,0,4310,0,100.0,16.0,Low,Green,0.995,0,0,Synthetic dataset created for academic semiconductor SCM simulation,12
2022-12-04,Memory Chip,Rest of World,Consumer Electronics,Supplier_E,Sea,6871,7528,7.58,52082.18,8488,1717,4466,24,0,26,851.62,Unknown,0,6871,0,100.0,16.0,Low,Green,1.109,0,0,Synthetic dataset created for academic semiconductor SCM simulation,12
2022-12-05,Sensor IC,Rest of World,Consumer Electronics,Supplier_E,Sea,6752,6465,10.72,72381.44,7271,1688,4388,43,0,34,812.78,Unknown,0,6752,0,100.0,45.2,Medium,Orange,0.933,0,0,Synthetic dataset created for academic semiconductor SCM simulation,12
2022-12-06,Sensor IC,North America,Automotive,Supplier_E,Air,4804,5339,2.99,14363.96,5871,1201,3122,24,5,2,2491.26,Supplier Delay,4,4804,0,100.0,54.3,Medium,Orange,1.263,0,1,Synthetic dataset created for academic semiconductor SCM simulation,12
2022-12-07,Microcontroller,India,Telecom,Supplier_B,Multimodal,6626,7263,2.57,17028.82,7144,1656,4306,34,13,16,1962.52,Supplier Delay,1,6626,0,100.0,73.5,High,Red,1.209,0,1,Synthetic dataset created for academic semiconductor SCM simulation,12
2022-12-08,Logic IC,North America,Automotive,Supplier_E,Road,9241,9587,11.66,107750.06,7206,2310,6006,25,6,12,1661.71,Supplier Delay,1,9241,0,100.0,35.0,Medium,Orange,1.154,0,1,Synthetic dataset created for academic semiconductor SCM simulation,12
2022-12-09,Analog IC,Asia-Pacific,Computing,Supplier_B,Sea,7126,7349,11.39,81165.14,6436,1781,4631,30,2,25,945.32,Unknown,0,7126,0,100.0,29.4,Low,Green,1.089,0,1,Synthetic dataset created for academic semiconductor SCM simulation,12
2022-12-10,Microcontroller,Asia-Pacific,Industrial,Supplier_C,Multimodal,5985,6221,3.07,18373.95,6320,1496,3890,34,0,19,1508.63,Unknown,0,5985,0,100.0,22.4,Low,Green,1.168,0,0,Synthetic dataset created for academic semiconductor SCM simulation,12
2022-12-11,Microcontroller,North America,Telecom,Supplier_A,Air,5697,6374,8.52,48538.44,2989,1424,3703,27,0,3,2743.9,Inventory Shortage,1,5697,0,100.0,16.4,Low,Green,1.195,0,0,Synthetic dataset created for academic semiconductor SCM simulation,12
2022-12-12,Sensor IC,India,Automotive,Supplier_C,Sea,5812,6382,3.89,22608.68,6260,1453,3777,28,0,28,756.78,Unknown,0,5812,0,100.0,22.4,Low,Green,1.274,0,0,Synthetic dataset created for academic semiconductor SCM simulation,12
2022-12-13,Sensor IC,India,Industrial,Supplier_E,Sea,8225,11499,2.23,18341.75,9914,2056,5346,27,0,23,1507.7,Demand Spike,2,8225,0,100.0,33.2,Low,Green,1.57,1,0,Synthetic dataset created for academic semiconductor SCM simulation,12
2022-12-14,Analog IC,North America,Consumer Electronics,Supplier_B,Air,6158,6181,3.26,20075.08,4676,1539,4002,20,0,3,2583.26,Unknown,0,6158,0,100.0,0.0,Low,Green,1.047,0,0,Synthetic dataset created for academic semiconductor SCM simulation,12
2022-12-15,Logic IC,North America,Computing,Supplier_C,Air,8384,8172,6.91,57933.44,7348,2096,5449,22,0,6,3815.4,Unknown,0,8384,0,100.0,2.4,Low,Green,0.997,0,0,Synthetic dataset created for academic semiconductor SCM simulation,12
2022-12-16,Logic IC,North America,Computing,Supplier_D,Road,7130,7864,3.56,25382.8,5302,1782,4634,31,12,8,1504.94,Supplier Delay,4,7130,0,100.0,87.2,High,Red,1.215,0,1,Synthetic dataset created for academic semiconductor SCM simulation,12
2022-12-17,Memory Chip,Rest of World,Computing,Supplier_B,Road,9244,10315,6.54,60455.76,10116,2311,6008,27,0,14,1997.61,Logistics Delay,1,9244,0,100.0,18.0,Low,Green,1.179,0,1,Synthetic dataset created for academic semiconductor SCM simulation,12
2022-12-18,Sensor IC,Europe,Automotive,Supplier_C,Road,5820,6496,9.67,56279.4,6432,1455,3783,14,0,12,1171.46,Unknown,0,5820,0,100.0,0.0,Low,Green,1.311,0,0,Synthetic dataset created for academic semiconductor SCM simulation,12
2022-12-19,Analog IC,India,Consumer Electronics,Supplier_E,Air,6986,8692,11.6,81037.6,3622,1746,4540,26,0,4,3791.69,Inventory Shortage,5,6986,0,100.0,47.2,Medium,Orange,1.244,0,0,Synthetic dataset created for academic semiconductor SCM simulation,12
2022-12-20,Sensor IC,Europe,Computing,Supplier_D,Air,8961,10876,5.97,53497.17,11231,2240,5824,20,0,4,5007.1,Demand Spike,3,8961,0,100.0,24.0,Low,Green,1.28,1,0,Synthetic dataset created for academic semiconductor SCM simulation,12
2022-12-21,Sensor IC,North America,Automotive,Supplier_A,Road,3791,3834,6.12,23200.92,1765,947,2464,25,2,10,815.79,Unknown,0,3791,0,100.0,13.0,Low,Green,1.026,0,1,Synthetic dataset created for academic semiconductor SCM simulation,12
2022-12-22,Logic IC,Asia-Pacific,Consumer Electronics,Supplier_C,Multimodal,7694,7776,2.66,20466.04,3994,1923,5001,23,0,26,2037.34,Logistics Delay,2,7694,0,100.0,30.8,Low,Green,1.009,0,1,Synthetic dataset created for academic semiconductor SCM simulation,12
2022-12-23,Analog IC,North America,Automotive,Supplier_E,Sea,6521,8170,7.34,47864.14,5352,1630,4238,31,0,34,1018.8,Demand Spike,3,6521,0,100.0,54.8,Medium,Orange,1.479,1,0,Synthetic dataset created for academic semiconductor SCM simulation,12
2022-12-24,Memory Chip,Asia-Pacific,Consumer Electronics,Supplier_B,Sea,12039,15833,8.05,96913.95,6839,3009,7825,29,1,31,1628.37,Demand Spike,5,12039,0,100.0,69.5,High,Red,1.255,1,1,Synthetic dataset created for academic semiconductor SCM simulation,12
2022-12-25,Power IC,Europe,Industrial,Supplier_B,Multimodal,6458,8079,2.71,17501.18,8608,1614,4197,16,2,12,1867.13,Demand Spike,3,6458,0,100.0,31.0,Low,Green,1.321,1,1,Synthetic dataset created for academic semiconductor SCM simulation,12
2022-12-26,Microcontroller,Asia-Pacific,Automotive,Supplier_D,Multimodal,5449,5276,9.43,51384.07,2502,1362,3541,34,0,11,1254.2,Unknown,0,5449,0,100.0,16.8,Low,Green,0.943,0,0,Synthetic dataset created for academic semiconductor SCM simulation,12
2022-12-27,Microcontroller,Rest of World,Consumer Electronics,Supplier_E,Sea,6350,6945,10.85,68897.5,7219,1587,4127,34,0,25,875.39,Unknown,0,6350,0,100.0,27.2,Low,Green,1.184,0,0,Synthetic dataset created for academic semiconductor SCM simulation,12
2022-12-28,Analog IC,North America,Industrial,Supplier_B,Air,7264,10326,10.51,76344.64,2261,1816,4721,27,0,6,5149.33,Inventory Shortage,1,7264,0,100.0,16.4,Low,Green,1.485,0,0,Synthetic dataset created for academic semiconductor SCM simulation,12
2022-12-29,Memory Chip,Rest of World,Consumer Electronics,Supplier_D,Air,9194,9546,7.65,70334.1,6484,2298,5976,30,0,2,3747.58,Unknown,0,9194,0,100.0,12.0,Low,Green,1.142,0,0,Synthetic dataset created for academic semiconductor SCM simulation,12
2022-12-30,Power IC,India,Consumer Electronics,Supplier_E,Multimodal,4089,4479,3.3,13493.7,2227,1022,2657,22,1,20,1126.01,Unknown,0,4089,0,100.0,12.3,Low,Green,1.161,0,1,Synthetic dataset created for academic semiconductor SCM simulation,12
2022-12-31,Analog IC,Asia-Pacific,Automotive,Supplier_B,Multimodal,5737,6352,11.78,67581.86,4669,1434,3729,14,0,19,1758.04,Unknown,0,5737,0,100.0,5.6,Low,Green,1.116,0,0,Synthetic dataset created for academic semiconductor SCM simulation,12
2023-01-01,Sensor IC,India,Industrial,Supplier_E,Road,8815,12091,10.69,94232.35,5797,2203,5729,32,0,6,2404.81,Demand Spike,4,8815,0,100.0,46.4,Medium,Orange,1.626,1,0,Synthetic dataset created for academic semiconductor SCM simulation,1
2023-01-02,Microcontroller,Asia-Pacific,Automotive,Supplier_A,Multimodal,5709,6082,3.35,19125.15,4077,1427,3710,31,0,22,1517.78,Unknown,0,5709,0,100.0,21.2,Low,Green,1.145,0,0,Synthetic dataset created for academic semiconductor SCM simulation,1
2023-01-03,Logic IC,Europe,Computing,Supplier_C,Air,5904,8425,3.35,19778.4,2942,1476,3837,26,0,5,3219.53,Inventory Shortage,1,5904,0,100.0,15.2,Low,Green,1.464,0,0,Synthetic dataset created for academic semiconductor SCM simulation,1
2023-01-04,Analog IC,North America,Telecom,Supplier_D,Sea,9865,12962,7.72,76157.8,13059,2466,6412,33,2,19,1494.84,Demand Spike,5,9865,0,100.0,68.2,High,Red,1.451,1,1,Synthetic dataset created for academic semiconductor SCM simulation,1
2023-01-05,Power IC,Europe,Industrial,Supplier_A,Air,5533,5376,4.81,26613.73,4269,1383,3596,35,0,4,2265.92,Unknown,0,5533,0,100.0,18.0,Low,Green,1.008,0,0,Synthetic dataset created for academic semiconductor SCM simulation,1
2023-01-06,Analog IC,North America,Consumer Electronics,Supplier_B,Road,5615,5625,5.38,30208.7,4655,1403,3649,12,0,11,1126.92,Unknown,0,5615,0,100.0,0.0,Low,Green,0.957,0,0,Synthetic dataset created for academic semiconductor SCM simulation,1
2023-01-07,Sensor IC,Rest of World,Automotive,Supplier_C,Multimodal,5213,5238,2.68,13970.84,5477,1303,3388,27,0,18,1437.44,Unknown,0,5213,0,100.0,13.2,Low,Green,0.996,0,0,Synthetic dataset created for academic semiconductor SCM simulation,1
2023-01-08,Power IC,Europe,Telecom,Supplier_B,Multimodal,3922,4292,3.52,13805.44,2089,980,2549,20,0,19,1156.64,Unknown,0,3922,0,100.0,5.6,Low,Green,1.271,0,0,Synthetic dataset created for academic semiconductor SCM simulation,1
2023-01-09,Microcontroller,Rest of World,Industrial,Supplier_C,Air,5031,5233,5.96,29984.76,3682,1257,3270,23,1,4,2415.53,Unknown,0,5031,0,100.0,7.1,Low,Green,1.096,0,1,Synthetic dataset created for academic semiconductor SCM simulation,1
2023-01-10,Power IC,Rest of World,Computing,Supplier_D,Sea,5609,5506,5.94,33317.46,2826,1402,3645,41,1,26,677.12,Unknown,0,5609,0,100.0,39.9,Medium,Orange,0.982,0,1,Synthetic dataset created for academic semiconductor SCM simulation,1
2023-01-11,Sensor IC,North America,Consumer Electronics,Supplier_B,Road,5402,5424,9.27,50076.54,5353,1350,3511,14,0,15,1006.79,Logistics Delay,4,5402,0,100.0,34.4,Low,Green,1.056,0,1,Synthetic dataset created for academic semiconductor SCM simulation,1
2023-01-12,Microcontroller,North America,Consumer Electronics,Supplier_A,Sea,6861,7674,5.91,40548.51,4802,1715,4459,13,0,22,959.7,Unknown,0,6861,0,100.0,8.0,Low,Green,1.217,0,0,Synthetic dataset created for academic semiconductor SCM simulation,1
2023-01-13,Analog IC,Asia-Pacific,Telecom,Supplier_A,Air,6503,6524,4.98,32384.94,4307,1625,4226,14,3,20,3158.83,Logistics Delay,1,6503,0,100.0,24.9,Low,Green,1.096,0,1,Synthetic dataset created for academic semiconductor SCM simulation,1
2023-01-14,Logic IC,Asia-Pacific,Computing,Supplier_E,Road,7896,8539,5.39,42559.44,5074,1974,5132,37,0,8,1512.16,Unknown,0,7896,0,100.0,20.4,Low,Green,1.102,0,0,Synthetic dataset created for academic semiconductor SCM simulation,1
2023-01-15,Sensor IC,Europe,Computing,Supplier_A,Multimodal,6118,6539,2.82,17252.76,4777,1529,3976,29,0,15,1636.16,Unknown,0,6118,0,100.0,13.2,Low,Green,1.098,0,0,Synthetic dataset created for academic semiconductor SCM simulation,1
2023-01-16,Analog IC,Rest of World,Automotive,Supplier_A,Sea,7208,7954,8.85,63790.8,9198,1802,4685,29,10,30,1030.9,Supplier Delay,3,7208,0,100.0,84.2,High,Red,1.131,0,1,Synthetic dataset created for academic semiconductor SCM simulation,1
2023-01-17,Memory Chip,Europe,Consumer Electronics,Supplier_B,Multimodal,11189,12130,5.21,58294.69,14284,2797,7272,14,18,21,2988.96,Supplier Delay,4,11189,0,100.0,100.0,High,Red,1.057,0,1,Synthetic dataset created for academic semiconductor SCM simulation,1
2023-01-18,Memory Chip,Europe,Computing,Supplier_A,Road,8302,8348,9.85,81774.7,8430,2075,5396,13,0,7,1618.16,Unknown,0,8302,0,100.0,0.0,Low,Green,1.034,0,0,Synthetic dataset created for academic semiconductor SCM simulation,1
2023-01-19,Microcontroller,Asia-Pacific,Consumer Electronics,Supplier_B,Sea,7292,7909,4.93,35949.56,8528,1823,4739,27,2,39,998.78,Logistics Delay,4,7292,0,100.0,69.0,High,Red,1.084,0,1,Synthetic dataset created for academic semiconductor SCM simulation,1
2023-01-20,Sensor IC,Europe,Consumer Electronics,Supplier_D,Multimodal,7555,8394,10.11,76381.05,4547,1888,4910,38,0,14,2236.92,Unknown,0,7555,0,100.0,23.2,Low,Green,1.167,0,0,Synthetic dataset created for academic semiconductor SCM simulation,1
2023-01-21,Sensor IC,Rest of World,Industrial,Supplier_B,Air,5603,6993,8.27,46336.81,2795,1400,3641,25,1,5,3272.09,Inventory Shortage,2,5603,0,100.0,25.5,Low,Green,1.43,0,1,Synthetic dataset created for academic semiconductor SCM simulation,1
2023-01-22,Power IC,India,Telecom,Supplier_B,Multimodal,5515,6736,3.23,17813.45,1927,1378,3584,16,0,13,1634.25,Inventory Shortage,3,5515,0,100.0,24.8,Low,Green,1.163,0,0,Synthetic dataset created for academic semiconductor SCM simulation,1
2023-01-23,Memory Chip,Europe,Telecom,Supplier_B,Multimodal,8746,8689,3.25,28424.5,11329,2186,5684,13,4,15,2500.39,Supplier Delay,5,8746,0,100.0,56.4,Medium,Orange,1.184,0,1,Synthetic dataset created for academic semiconductor SCM simulation,1
2023-01-24,Logic IC,Asia-Pacific,Automotive,Supplier_C,Multimodal,8031,8951,7.98,64087.38,4567,2007,5220,30,0,15,2499.2,Unknown,0,8031,0,100.0,14.4,Low,Green,1.147,0,0,Synthetic dataset created for academic semiconductor SCM simulation,1
2023-01-25,Logic IC,India,Consumer Electronics,Supplier_C,Air,9310,10393,7.34,68335.4,11954,2327,6051,20,1,5,5014.92,Unknown,0,9310,0,100.0,3.5,Low,Green,1.205,0,1,Synthetic dataset created for academic semiconductor SCM simulation,1
2023-01-26,Sensor IC,North America,Industrial,Supplier_D,Sea,4567,4379,3.14,14340.38,2532,1141,2968,22,4,26,501.02,Supplier Delay,4,4567,0,100.0,59.6,Medium,Orange,1.125,0,1,Synthetic dataset created for academic semiconductor SCM simulation,1
2023-01-27,Sensor IC,Asia-Pacific,Telecom,Supplier_C,Multimodal,5562,5390,8.28,46053.36,6256,1390,3615,16,0,12,1488.27,Unknown,0,5562,0,100.0,0.0,Low,Green,1.12,0,0,Synthetic dataset created for academic semiconductor SCM simulation,1
2023-01-28,Logic IC,Rest of World,Consumer Electronics,Supplier_E,Air,7078,6816,10.17,71983.26,9103,1769,4600,35,2,2,2897.27,Unknown,0,7078,0,100.0,25.0,Low,Green,0.94,0,1,Synthetic dataset created for academic semiconductor SCM simulation,1
2023-01-29,Power IC,North America,Automotive,Supplier_A,Multimodal,6650,9015,1.75,11637.5,7789,1662,4322,13,0,13,2507.58,Demand Spike,4,6650,0,100.0,32.8,Low,Green,1.384,1,0,Synthetic dataset created for academic semiconductor SCM simulation,1
2023-01-30,Microcontroller,Asia-Pacific,Computing,Supplier_E,Multimodal,7213,7797,5.69,41041.97,7491,1803,4688,20,0,20,2106.63,Unknown,0,7213,0,100.0,6.4,Low,Green,1.06,0,0,Synthetic dataset created for academic semiconductor SCM simulation,1
2023-01-31,Sensor IC,India,Industrial,Supplier_E,Sea,6452,6234,5.11,32969.72,3427,1613,4193,23,0,33,740.67,Unknown,0,6452,0,100.0,20.4,Low,Green,1.02,0,0,Synthetic dataset created for academic semiconductor SCM simulation,1
2023-02-01,Power IC,Rest of World,Consumer Electronics,Supplier_D,Multimodal,5970,7863,9.61,57371.7,1738,1492,3880,35,0,16,1743.24,Inventory Shortage,2,5970,0,100.0,37.2,Medium,Orange,1.575,0,0,Synthetic dataset created for academic semiconductor SCM simulation,2
2023-02-02,Analog IC,Europe,Consumer Electronics,Supplier_E,Multimodal,8313,7964,2.77,23027.01,7994,2078,5403,19,0,17,2099.16,Unknown,0,8313,0,100.0,4.0,Low,Green,0.971,0,0,Synthetic dataset created for academic semiconductor SCM simulation,2
2023-02-03,Power IC,Rest of World,Automotive,Supplier_E,Air,6044,5929,5.04,30461.76,6113,1511,3928,19,2,4,2741.88,Unknown,0,6044,0,100.0,7.0,Low,Green,0.997,0,1,Synthetic dataset created for academic semiconductor SCM simulation,2
2023-02-04,Memory Chip,North America,Consumer Electronics,Supplier_A,Road,11907,12189,2.4,28576.8,15707,2976,7739,24,0,22,2687.92,Logistics Delay,1,11907,0,100.0,20.8,Low,Green,1.127,0,1,Synthetic dataset created for academic semiconductor SCM simulation,2
2023-02-05,Sensor IC,Europe,Computing,Supplier_E,Road,5790,5586,3.02,17485.8,5991,1447,3763,20,3,8,1161.73,Supplier Delay,3,5790,0,100.0,34.5,Low,Green,1.022,0,1,Synthetic dataset created for academic semiconductor SCM simulation,2
2023-02-06,Analog IC,Rest of World,Consumer Electronics,Supplier_A,Road,7506,8111,3.52,26421.12,4737,1876,4878,34,0,5,1657.55,Demand Spike,2,7506,0,100.0,32.8,Low,Green,1.18,1,0,Synthetic dataset created for academic semiconductor SCM simulation,2
2023-02-07,Sensor IC,Asia-Pacific,Industrial,Supplier_A,Air,5681,7446,6.79,38573.99,1909,1420,3692,21,0,5,3484.73,Inventory Shortage,4,5681,0,100.0,33.2,Low,Green,1.349,0,0,Synthetic dataset created for academic semiconductor SCM simulation,2
2023-02-08,Microcontroller,Europe,Telecom,Supplier_D,Air,6135,6807,5.19,31840.65,5563,1533,3987,39,0,4,2948.81,Unknown,0,6135,0,100.0,22.8,Low,Green,1.217,0,0,Synthetic dataset created for academic semiconductor SCM simulation,2
2023-02-09,Analog IC,Europe,Computing,Supplier_D,Sea,8819,9003,11.41,100624.79,4652,2204,5732,39,0,23,1096.5,Unknown,0,8819,0,100.0,31.6,Low,Green,1.093,0,0,Synthetic dataset created for academic semiconductor SCM simulation,2
2023-02-10,Memory Chip,North America,Consumer Electronics,Supplier_E,Multimodal,9312,9504,13.13,122266.56,5519,2328,6052,24,0,14,2297.18,Unknown,0,9312,0,100.0,6.4,Low,Green,1.181,0,0,Synthetic dataset created for academic semiconductor SCM simulation,2
2023-02-11,Logic IC,Asia-Pacific,Automotive,Supplier_C,Multimodal,9489,9799,12.53,118897.17,9430,2372,6167,23,1,21,2733.0,Unknown,0,9489,0,100.0,14.3,Low,Green,1.008,0,1,Synthetic dataset created for academic semiconductor SCM simulation,2
2023-02-12,Microcontroller,India,Telecom,Supplier_A,Air,11101,15597,2.3,25532.3,12070,2775,7215,15,0,2,7327.03,Demand Spike,5,11101,0,100.0,40.0,Medium,Orange,1.602,1,0,Synthetic dataset created for academic semiconductor SCM simulation,2
2023-02-13,Sensor IC,Asia-Pacific,Consumer Electronics,Supplier_C,Road,6707,7477,8.72,58485.04,4623,1676,4359,12,0,9,1351.56,Unknown,0,6707,0,100.0,0.0,Low,Green,1.258,0,0,Synthetic dataset created for academic semiconductor SCM simulation,2
2023-02-14,Sensor IC,Europe,Consumer Electronics,Supplier_B,Multimodal,9142,11023,5.93,54212.06,10018,2285,5942,28,1,12,2992.2,Demand Spike,2,9142,0,100.0,29.1,Low,Green,1.301,1,1,Synthetic dataset created for academic semiconductor SCM simulation,2
2023-02-15,Microcontroller,Asia-Pacific,Industrial,Supplier_C,Multimodal,7647,8251,8.17,62475.99,8127,1911,4970,32,0,16,2021.03,Unknown,0,7647,0,100.0,17.6,Low,Green,1.174,0,0,Synthetic dataset created for academic semiconductor SCM simulation,2
2023-02-16,Power IC,Europe,Industrial,Supplier_A,Road,5311,5876,7.65,40629.15,3333,1327,3452,26,0,24,1140.28,Logistics Delay,5,5311,0,100.0,56.8,Medium,Orange,1.134,0,1,Synthetic dataset created for academic semiconductor SCM simulation,2
2023-02-17,Microcontroller,Rest of World,Industrial,Supplier_D,Sea,6081,6305,4.87,29614.47,4399,1520,3952,30,0,18,797.35,Unknown,0,6081,0,100.0,16.8,Low,Green,1.095,0,0,Synthetic dataset created for academic semiconductor SCM simulation,2
2023-02-18,Logic IC,Asia-Pacific,Automotive,Supplier_C,Road,8758,8504,10.04,87930.32,10289,2189,5692,15,17,12,1930.65,Supplier Delay,3,8758,0,100.0,83.5,High,Red,1.163,0,1,Synthetic dataset created for academic semiconductor SCM simulation,2
2023-02-19,Logic IC,Rest of World,Computing,Supplier_B,Road,12127,15642,4.7,56996.9,10103,3031,7882,22,0,12,2805.45,Demand Spike,5,12127,0,100.0,42.4,Medium,Orange,1.358,1,0,Synthetic dataset created for academic semiconductor SCM simulation,2
2023-02-20,Microcontroller,Asia-Pacific,Telecom,Supplier_B,Multimodal,8360,8052,8.33,69638.8,6947,2090,5434,24,0,19,2028.42,Unknown,0,8360,0,100.0,10.4,Low,Green,1.021,0,0,Synthetic dataset created for academic semiconductor SCM simulation,2
2023-02-21,Sensor IC,India,Consumer Electronics,Supplier_B,Sea,5688,7009,3.71,21102.48,1278,1422,3697,27,0,35,833.04,Inventory Shortage,5,5688,0,100.0,66.8,High,Red,1.347,0,0,Synthetic dataset created for academic semiconductor SCM simulation,2
2023-02-22,Microcontroller,Rest of World,Consumer Electronics,Supplier_A,Road,7243,7341,4.69,33969.67,4664,1810,4707,12,1,5,1627.33,Unknown,0,7243,0,100.0,3.5,Low,Green,1.17,0,1,Synthetic dataset created for academic semiconductor SCM simulation,2
2023-02-23,Sensor IC,Asia-Pacific,Automotive,Supplier_E,Road,6775,6792,5.87,39769.25,7693,1693,4403,30,0,7,1407.83,Unknown,0,6775,0,100.0,12.0,Low,Green,1.12,0,0,Synthetic dataset created for academic semiconductor SCM simulation,2
2023-02-24,Memory Chip,Europe,Automotive,Supplier_E,Multimodal,10896,12018,5.93,64613.28,11082,2724,7082,20,2,21,2617.35,Unknown,0,10896,0,100.0,14.2,Low,Green,1.261,0,1,Synthetic dataset created for academic semiconductor SCM simulation,2
2023-02-25,Power IC,Rest of World,Automotive,Supplier_E,Air,5686,5452,6.55,37243.3,3611,1421,3695,26,0,2,2249.74,Unknown,0,5686,0,100.0,7.2,Low,Green,1.11,0,0,Synthetic dataset created for academic semiconductor SCM simulation,2
2023-02-26,Logic IC,India,Automotive,Supplier_E,Road,10347,9908,11.15,115369.05,5723,2586,6725,16,0,10,1839.51,Unknown,0,10347,0,100.0,0.0,Low,Green,0.933,0,0,Synthetic dataset created for academic semiconductor SCM simulation,2
2023-02-27,Memory Chip,Europe,Consumer Electronics,Supplier_B,Road,10831,13435,4.2,45490.2,3454,2707,7040,34,0,10,2613.52,Inventory Shortage,2,10831,0,100.0,32.8,Low,Green,1.435,0,0,Synthetic dataset created for academic semiconductor SCM simulation,2
2023-02-28,Microcontroller,Asia-Pacific,Consumer Electronics,Supplier_B,Sea,6671,7190,5.56,37090.76,5448,1667,4336,15,0,32,826.69,Unknown,0,6671,0,100.0,16.0,Low,Green,1.087,0,0,Synthetic dataset created for academic semiconductor SCM simulation,2
2023-03-01,Microcontroller,Europe,Computing,Supplier_E,Air,10272,13374,6.65,68308.8,4631,2568,6676,20,0,3,5816.61,Demand Spike,3,10272,0,100.0,24.0,Low,Green,1.388,1,0,Synthetic dataset created for academic semiconductor SCM simulation,3
2023-03-02,Logic IC,Europe,Consumer Electronics,Supplier_A,Air,10546,12086,9.24,97445.04,2171,2636,6854,23,2,3,4814.32,Inventory Shortage,4,10546,0,100.0,42.6,Medium,Orange,1.114,0,1,Synthetic dataset created for academic semiconductor SCM simulation,3
2023-03-03,Analog IC,Asia-Pacific,Consumer Electronics,Supplier_E,Road,8404,9129,10.84,91099.36,6365,2101,5462,29,0,8,2072.58,Unknown,0,8404,0,100.0,10.8,Low,Green,1.157,0,0,Synthetic dataset created for academic semiconductor SCM simulation,3
2023-03-04,Logic IC,Europe,Automotive,Supplier_B,Air,8631,8205,2.2,18988.2,8942,2157,5610,17,0,5,4007.87,Unknown,0,8631,0,100.0,0.0,Low,Green,1.031,0,0,Synthetic dataset created for academic semiconductor SCM simulation,3
2023-03-05,Analog IC,India,Automotive,Supplier_C,Multimodal,8356,9029,8.97,74953.32,3908,2089,5431,12,0,10,2094.27,Unknown,0,8356,0,100.0,0.0,Low,Green,1.102,0,0,Synthetic dataset created for academic semiconductor SCM simulation,3
2023-03-06,Analog IC,Europe,Consumer Electronics,Supplier_A,Road,9161,11105,4.81,44064.41,11294,2290,5954,34,1,8,2149.67,Demand Spike,2,9161,0,100.0,36.3,Medium,Orange,1.324,1,1,Synthetic dataset created for academic semiconductor SCM simulation,3
2023-03-07,Sensor IC,North America,Computing,Supplier_B,Sea,7107,7065,6.93,49251.51,7128,1776,4619,19,2,24,857.45,Unknown,0,7107,0,100.0,16.6,Low,Green,1.114,0,1,Synthetic dataset created for academic semiconductor SCM simulation,3
2023-03-08,Sensor IC,Asia-Pacific,Telecom,Supplier_A,Road,6890,7711,4.27,29420.3,4823,1722,4478,33,0,5,1417.28,Unknown,0,6890,0,100.0,15.6,Low,Green,1.181,0,0,Synthetic dataset created for academic semiconductor SCM simulation,3
2023-03-09,Sensor IC,Europe,Automotive,Supplier_D,Sea,9068,10331,4.05,36725.4,8916,2267,5894,21,0,18,1298.25,Demand Spike,2,9068,0,100.0,22.0,Low,Green,1.261,1,0,Synthetic dataset created for academic semiconductor SCM simulation,3
2023-03-10,Power IC,Europe,Consumer Electronics,Supplier_A,Multimodal,6675,6727,2.16,14418.0,5685,1668,4338,22,0,22,1499.37,Unknown,0,6675,0,100.0,10.4,Low,Green,0.989,0,0,Synthetic dataset created for academic semiconductor SCM simulation,3
2023-03-11,Microcontroller,Asia-Pacific,Telecom,Supplier_C,Air,9666,11366,8.34,80614.44,6377,2416,6282,29,0,5,5373.25,Demand Spike,1,9666,0,100.0,18.8,Low,Green,1.293,1,0,Synthetic dataset created for academic semiconductor SCM simulation,3
2023-03-12,Analog IC,Rest of World,Automotive,Supplier_D,Multimodal,7619,7792,8.2,62475.8,4132,1904,4952,19,0,19,1791.06,Unknown,0,7619,0,100.0,5.6,Low,Green,1.124,0,0,Synthetic dataset created for academic semiconductor SCM simulation,3
2023-03-13,Microcontroller,Rest of World,Consumer Electronics,Supplier_E,Sea,6903,7408,6.12,42246.36,9068,1725,4486,22,1,22,839.94,Unknown,0,6903,0,100.0,13.9,Low,Green,1.222,0,1,Synthetic dataset created for academic semiconductor SCM simulation,3
2023-03-14,Power IC,Rest of World,Computing,Supplier_B,Sea,5123,5392,4.17,21362.91,4884,1280,3329,12,0,19,679.57,Unknown,0,5123,0,100.0,5.6,Low,Green,1.014,0,0,Synthetic dataset created for academic semiconductor SCM simulation,3
2023-03-15,Power IC,North America,Consumer Electronics,Supplier_B,Air,4977,5235,4.51,22446.27,4274,1244,3235,30,13,6,2085.87,Supplier Delay,4,4977,0,100.0,89.5,High,Red,1.207,0,1,Synthetic dataset created for academic semiconductor SCM simulation,3
2023-03-16,Microcontroller,India,Consumer Electronics,Supplier_A,Sea,8449,8922,4.17,35232.33,3853,2112,5491,35,13,24,1126.5,Supplier Delay,4,8449,0,100.0,100.0,High,Red,1.006,0,1,Synthetic dataset created for academic semiconductor SCM simulation,3
2023-03-17,Power IC,Asia-Pacific,Computing,Supplier_A,Sea,5405,5838,2.07,11188.35,4085,1351,3513,12,0,23,716.45,Unknown,0,5405,0,100.0,8.8,Low,Green,1.176,0,0,Synthetic dataset created for academic semiconductor SCM simulation,3
2023-03-18,Memory Chip,North America,Automotive,Supplier_B,Road,11875,12959,3.71,44056.25,13995,2968,7718,32,1,19,2393.38,Logistics Delay,1,11875,0,100.0,31.5,Low,Green,1.217,0,1,Synthetic dataset created for academic semiconductor SCM simulation,3
2023-03-19,Logic IC,Rest of World,Telecom,Supplier_A,Air,14889,18503,6.61,98416.29,10012,3722,9677,32,0,2,7340.5,Demand Spike,2,14889,0,100.0,30.4,Low,Green,1.376,1,0,Synthetic dataset created for academic semiconductor SCM simulation,3
2023-03-20,Power IC,North America,Computing,Supplier_E,Multimodal,6705,6462,5.7,38218.5,4097,1676,4358,39,0,17,1637.21,Unknown,0,6705,0,100.0,26.8,Low,Green,1.087,0,0,Synthetic dataset created for academic semiconductor SCM simulation,3
2023-03-21,Logic IC,India,Telecom,Supplier_D,Road,9961,13068,4.56,45422.16,5686,2490,6474,22,0,10,2644.72,Demand Spike,1,9961,0,100.0,10.4,Low,Green,1.274,1,0,Synthetic dataset created for academic semiconductor SCM simulation,3
2023-03-22,Sensor IC,Rest of World,Industrial,Supplier_B,Air,6186,6529,5.63,34827.18,3783,1546,4020,26,0,4,2782.52,Unknown,0,6186,0,100.0,7.2,Low,Green,1.064,0,0,Synthetic dataset created for academic semiconductor SCM simulation,3
2023-03-23,Analog IC,Asia-Pacific,Industrial,Supplier_A,Road,8611,9536,2.98,25660.78,6426,2152,5597,14,14,8,1737.54,Supplier Delay,3,8611,0,100.0,73.0,High,Red,1.136,0,1,Synthetic dataset created for academic semiconductor SCM simulation,3
2023-03-24,Analog IC,Europe,Consumer Electronics,Supplier_E,Sea,7023,8550,4.99,35044.77,1652,1755,4564,31,4,18,991.09,Inventory Shortage,5,7023,0,100.0,72.0,High,Red,1.278,0,1,Synthetic dataset created for academic semiconductor SCM simulation,3
2023-03-25,Memory Chip,North America,Telecom,Supplier_B,Multimodal,16161,21298,6.79,109733.19,9139,4040,10504,26,0,12,5485.95,Demand Spike,3,16161,0,100.0,31.2,Low,Green,1.563,1,0,Synthetic dataset created for academic semiconductor SCM simulation,3
2023-03-26,Microcontroller,India,Industrial,Supplier_C,Sea,6403,6829,5.73,36689.19,8371,1600,4161,34,0,18,710.71,Unknown,0,6403,0,100.0,21.6,Low,Green,1.101,0,0,Synthetic dataset created for academic semiconductor SCM simulation,3
2023-03-27,Analog IC,Rest of World,Computing,Supplier_E,Multimodal,8633,8985,3.88,33496.04,8180,2158,5611,19,0,12,2008.24,Unknown,0,8633,0,100.0,0.0,Low,Green,0.997,0,0,Synthetic dataset created for academic semiconductor SCM simulation,3
2023-03-28,Analog IC,Rest of World,Telecom,Supplier_A,Sea,7912,8742,5.86,46364.32,3639,1978,5142,18,0,20,971.81,Unknown,0,7912,0,100.0,6.4,Low,Green,1.14,0,0,Synthetic dataset created for academic semiconductor SCM simulation,3
2023-03-29,Sensor IC,India,Consumer Electronics,Supplier_A,Sea,5863,6521,9.59,56226.17,7593,1465,3810,16,2,31,775.49,Unknown,0,5863,0,100.0,22.2,Low,Green,1.22,0,1,Synthetic dataset created for academic semiconductor SCM simulation,3
2023-03-30,Logic IC,India,Industrial,Supplier_B,Air,8941,10136,10.58,94595.78,2561,2235,5811,28,0,6,4567.21,Inventory Shortage,4,8941,0,100.0,41.6,Medium,Orange,1.327,0,0,Synthetic dataset created for academic semiconductor SCM simulation,3
2023-03-31,Sensor IC,Europe,Industrial,Supplier_D,Sea,6329,6477,5.26,33290.54,3747,1582,4113,36,0,30,830.5,Unknown,0,6329,0,100.0,33.6,Low,Green,1.198,0,0,Synthetic dataset created for academic semiconductor SCM simulation,3
2023-04-01,Logic IC,Europe,Automotive,Supplier_B,Multimodal,9392,10138,3.37,31651.04,6362,2348,6104,23,0,16,2518.96,Unknown,0,9392,0,100.0,6.8,Low,Green,1.162,0,0,Synthetic dataset created for academic semiconductor SCM simulation,4
2023-04-02,Sensor IC,Asia-Pacific,Automotive,Supplier_D,Multimodal,6188,5918,4.06,25123.28,6443,1547,4022,37,0,11,1313.46,Unknown,0,6188,0,100.0,20.4,Low,Green,1.079,0,0,Synthetic dataset created for academic semiconductor SCM simulation,4
2023-04-03,Sensor IC,North America,Telecom,Supplier_C,Sea,7305,6962,2.7,19723.5,7740,1826,4748,21,0,23,864.67,Unknown,0,7305,0,100.0,10.0,Low,Green,0.942,0,0,Synthetic dataset created for academic semiconductor SCM simulation,4
2023-04-04,Power IC,North America,Consumer Electronics,Supplier_A,Sea,5241,5550,7.79,40827.39,6001,1310,3406,15,15,32,550.3,Supplier Delay,5,5241,0,100.0,100.0,High,Red,1.209,0,1,Synthetic dataset created for academic semiconductor SCM simulation,4
2023-04-05,Memory Chip,Europe,Consumer Electronics,Supplier_B,Air,11012,10513,2.36,25988.32,11537,2753,7157,18,0,2,5080.5,Unknown,0,11012,0,100.0,0.0,Low,Green,1.08,0,0,Synthetic dataset created for academic semiconductor SCM simulation,4
2023-04-06,Microcontroller,India,Computing,Supplier_A,Road,6708,6823,5.96,39979.68,6966,1677,4360,19,9,10,1172.56,Supplier Delay,5,6708,0,100.0,71.5,High,Red,0.969,0,1,Synthetic dataset created for academic semiconductor SCM simulation,4
2023-04-07,Memory Chip,India,Consumer Electronics,Supplier_A,Road,12517,11984,11.94,149452.98,16791,3129,8136,25,12,6,2415.52,Supplier Delay,3,12517,0,100.0,72.0,High,Red,1.113,0,1,Synthetic dataset created for academic semiconductor SCM simulation,4
2023-04-08,Memory Chip,Europe,Automotive,Supplier_E,Road,12877,12960,9.19,118339.63,10997,3219,8370,38,18,5,2889.95,Supplier Delay,2,12877,0,100.0,100.0,High,Red,1.085,0,1,Synthetic dataset created for academic semiconductor SCM simulation,4
2023-04-09,Analog IC,North America,Computing,Supplier_E,Air,7688,8109,10.97,84337.36,5511,1922,4997,24,1,3,3447.87,Unknown,0,7688,0,100.0,8.3,Low,Green,1.042,0,1,Synthetic dataset created for academic semiconductor SCM simulation,4
2023-04-10,Memory Chip,Asia-Pacific,Consumer Electronics,Supplier_E,Multimodal,10804,11445,10.57,114198.28,7217,2701,7022,36,4,21,2745.1,Unknown,0,10804,0,100.0,40.4,Medium,Orange,1.149,0,1,Synthetic dataset created for academic semiconductor SCM simulation,4
2023-04-11,Analog IC,North America,Consumer Electronics,Supplier_E,Multimodal,7022,6890,8.3,58282.6,4257,1755,4564,22,0,13,1550.53,Unknown,0,7022,0,100.0,3.2,Low,Green,1.067,0,0,Synthetic dataset created for academic semiconductor SCM simulation,4
2023-04-12,Memory Chip,North America,Computing,Supplier_A,Multimodal,10713,10949,8.86,94917.18,9460,2678,6963,21,12,14,3044.86,Supplier Delay,2,10713,0,100.0,60.8,Medium,Orange,1.214,0,1,Synthetic dataset created for academic semiconductor SCM simulation,4
2023-04-13,Power IC,India,Telecom,Supplier_B,Multimodal,4888,5063,7.95,38859.6,5537,1222,3177,16,1,16,1404.94,Unknown,0,4888,0,100.0,6.7,Low,Green,1.223,0,1,Synthetic dataset created for academic semiconductor SCM simulation,4
2023-04-14,Logic IC,Rest of World,Consumer Electronics,Supplier_E,Sea,9024,9148,8.46,76343.04,11058,2256,5865,18,0,24,906.91,Unknown,0,9024,0,100.0,9.6,Low,Green,1.148,0,0,Synthetic dataset created for academic semiconductor SCM simulation,4
2023-04-15,Power IC,India,Telecom,Supplier_D,Multimodal,6178,7285,10.09,62336.02,2875,1544,4015,19,2,13,1973.74,Inventory Shortage,3,6178,0,100.0,31.8,Low,Green,1.342,0,1,Synthetic dataset created for academic semiconductor SCM simulation,4
2023-04-16,Power IC,Rest of World,Telecom,Supplier_C,Air,4579,4721,9.53,43637.87,3080,1144,2976,23,3,3,1872.2,Supplier Delay,2,4579,0,100.0,30.1,Low,Green,1.129,0,1,Synthetic dataset created for academic semiconductor SCM simulation,4
2023-04-17,Analog IC,North America,Automotive,Supplier_A,Air,6122,6229,7.86,48118.92,5513,1530,3979,14,9,5,2897.55,Supplier Delay,4,6122,0,100.0,63.5,Medium,Orange,1.102,0,1,Synthetic dataset created for academic semiconductor SCM simulation,4
2023-04-18,Sensor IC,Rest of World,Industrial,Supplier_D,Air,9671,11910,8.09,78238.39,8921,2417,6286,15,1,2,5546.91,Demand Spike,2,9671,0,100.0,19.5,Low,Green,1.371,1,1,Synthetic dataset created for academic semiconductor SCM simulation,4
2023-04-19,Analog IC,India,Consumer Electronics,Supplier_B,Road,8663,8427,6.86,59428.18,5323,2165,5630,28,3,7,1469.35,Unknown,0,8663,0,100.0,20.1,Low,Green,1.109,0,1,Synthetic dataset created for academic semiconductor SCM simulation,4
2023-04-20,Power IC,India,Telecom,Supplier_E,Air,5725,5806,4.05,23186.25,6449,1431,3721,24,0,5,2239.33,Unknown,0,5725,0,100.0,4.8,Low,Green,0.965,0,0,Synthetic dataset created for academic semiconductor SCM simulation,4
2023-04-21,Logic IC,Asia-Pacific,Automotive,Supplier_B,Air,8614,8944,12.2,105090.8,10777,2153,5599,20,3,5,3798.69,Unknown,0,8614,0,100.0,10.5,Low,Green,1.246,0,1,Synthetic dataset created for academic semiconductor SCM simulation,4
2023-04-22,Memory Chip,Europe,Telecom,Supplier_D,Air,18431,24523,11.97,220619.07,19676,4607,11980,18,0,6,10666.07,Demand Spike,1,18431,0,100.0,8.0,Low,Green,1.553,1,0,Synthetic dataset created for academic semiconductor SCM simulation,4
2023-04-23,Logic IC,India,Consumer Electronics,Supplier_A,Road,8761,8859,2.58,22603.38,10202,2190,5694,35,0,12,1888.16,Unknown,0,8761,0,100.0,18.0,Low,Green,1.049,0,0,Synthetic dataset created for academic semiconductor SCM simulation,4
2023-04-24,Sensor IC,Asia-Pacific,Telecom,Supplier_C,Sea,6295,6014,6.28,39532.6,5895,1573,4091,14,0,37,691.08,Logistics Delay,5,6295,0,100.0,60.0,Medium,Orange,0.966,0,1,Synthetic dataset created for academic semiconductor SCM simulation,4
2023-04-25,Memory Chip,Asia-Pacific,Automotive,Supplier_D,Air,8358,9260,12.13,101382.54,7461,2089,5432,23,1,5,4239.48,Unknown,0,8358,0,100.0,7.1,Low,Green,1.273,0,1,Synthetic dataset created for academic semiconductor SCM simulation,4
2023-04-26,Power IC,North America,Computing,Supplier_E,Air,5073,5383,8.37,42461.01,2689,1268,3297,33,10,3,2094.24,Supplier Delay,4,5073,0,100.0,82.6,High,Red,1.205,0,1,Synthetic dataset created for academic semiconductor SCM simulation,4
2023-04-27,Memory Chip,Asia-Pacific,Computing,Supplier_C,Sea,9934,10411,2.22,22053.48,12820,2483,6457,13,0,39,1304.69,Logistics Delay,4,9934,0,100.0,53.6,Medium,Orange,1.029,0,1,Synthetic dataset created for academic semiconductor SCM simulation,4
2023-04-28,Analog IC,Rest of World,Computing,Supplier_B,Air,6969,6791,11.43,79655.67,8461,1742,4529,19,0,5,3206.23,Unknown,0,6969,0,100.0,0.0,Low,Green,1.127,0,0,Synthetic dataset created for academic semiconductor SCM simulation,4
2023-04-29,Microcontroller,Rest of World,Industrial,Supplier_C,Air,7962,8711,7.35,58520.7,5970,1990,5175,32,2,5,4369.65,Unknown,0,7962,0,100.0,21.4,Low,Green,1.266,0,1,Synthetic dataset created for academic semiconductor SCM simulation,4
2023-04-30,Memory Chip,North America,Automotive,Supplier_B,Multimodal,16692,20328,9.66,161244.72,10442,4173,10849,23,1,14,5410.08,Demand Spike,2,16692,0,100.0,24.7,Low,Green,1.418,1,1,Synthetic dataset created for academic semiconductor SCM simulation,4
2023-05-01,Sensor IC,Asia-Pacific,Consumer Electronics,Supplier_C,Air,5679,5836,3.27,18570.33,3555,1419,3691,16,0,12,2797.48,Logistics Delay,3,5679,0,100.0,24.0,Low,Green,1.144,0,1,Synthetic dataset created for academic semiconductor SCM simulation,5
2023-05-02,Power IC,Rest of World,Automotive,Supplier_B,Multimodal,5788,5593,9.98,57764.24,5870,1447,3762,17,3,29,1598.59,Logistics Delay,1,5788,0,100.0,32.1,Low,Green,1.016,0,1,Synthetic dataset created for academic semiconductor SCM simulation,5
2023-05-03,Microcontroller,Asia-Pacific,Consumer Electronics,Supplier_D,Multimodal,6621,6960,3.54,23438.34,5631,1655,4303,40,1,14,1820.23,Unknown,0,6621,0,100.0,29.1,Low,Green,1.002,0,1,Synthetic dataset created for academic semiconductor SCM simulation,5
2023-05-04,Microcontroller,Asia-Pacific,Automotive,Supplier_D,Sea,7958,7930,8.98,71462.84,8693,1989,5172,33,0,27,870.18,Unknown,0,7958,0,100.0,27.6,Low,Green,1.161,0,0,Synthetic dataset created for academic semiconductor SCM simulation,5
2023-05-05,Logic IC,North America,Telecom,Supplier_A,Multimodal,8811,9173,10.63,93660.93,11622,2202,5727,27,0,22,2478.68,Unknown,0,8811,0,100.0,16.4,Low,Green,1.223,0,0,Synthetic dataset created for academic semiconductor SCM simulation,5
2023-05-06,Memory Chip,Rest of World,Consumer Electronics,Supplier_A,Multimodal,10541,10383,3.97,41847.77,13910,2635,6851,29,0,18,2465.94,Unknown,0,10541,0,100.0,15.6,Low,Green,0.978,0,0,Synthetic dataset created for academic semiconductor SCM simulation,5
2023-05-07,Analog IC,Asia-Pacific,Consumer Electronics,Supplier_C,Air,7035,8997,7.34,51636.9,1524,1758,4572,16,0,4,4010.99,Inventory Shortage,5,7035,0,100.0,40.0,Medium,Orange,1.477,0,0,Synthetic dataset created for academic semiconductor SCM simulation,5
2023-05-08,Memory Chip,Asia-Pacific,Consumer Electronics,Supplier_B,Road,10883,11360,8.71,94790.93,8636,2720,7073,20,0,6,2107.66,Unknown,0,10883,0,100.0,0.0,Low,Green,1.227,0,0,Synthetic dataset created for academic semiconductor SCM simulation,5
2023-05-09,Sensor IC,India,Automotive,Supplier_C,Multimodal,5911,6855,8.39,49593.29,2786,1477,3842,32,0,16,1886.17,Inventory Shortage,2,5911,0,100.0,33.6,Low,Green,1.212,0,0,Synthetic dataset created for academic semiconductor SCM simulation,5
2023-05-10,Logic IC,North America,Automotive,Supplier_C,Air,7088,7130,3.03,21476.64,9437,1772,4607,22,1,3,2783.13,Unknown,0,7088,0,100.0,5.9,Low,Green,1.012,0,1,Synthetic dataset created for academic semiconductor SCM simulation,5
2023-05-11,Microcontroller,Asia-Pacific,Consumer Electronics,Supplier_E,Road,6658,7238,2.81,18708.98,3283,1664,4327,30,0,9,1278.57,Unknown,0,6658,0,100.0,12.0,Low,Green,1.119,0,0,Synthetic dataset created for academic semiconductor SCM simulation,5
2023-05-12,Sensor IC,North America,Industrial,Supplier_E,Multimodal,5939,6160,3.2,19004.8,6297,1484,3860,19,0,21,1675.41,Unknown,0,5939,0,100.0,7.2,Low,Green,1.094,0,0,Synthetic dataset created for academic semiconductor SCM simulation,5
2023-05-13,Sensor IC,North America,Telecom,Supplier_C,Multimodal,6391,6371,5.65,36109.15,4674,1597,4154,34,2,14,1562.61,Unknown,0,6391,0,100.0,25.4,Low,Green,0.969,0,1,Synthetic dataset created for academic semiconductor SCM simulation,5
2023-05-14,Microcontroller,Asia-Pacific,Consumer Electronics,Supplier_A,Sea,6601,7314,9.58,63237.58,7040,1650,4290,12,4,34,844.24,Unknown,0,6601,0,100.0,31.6,Low,Green,1.24,0,1,Synthetic dataset created for academic semiconductor SCM simulation,5
2023-05-15,Logic IC,Asia-Pacific,Telecom,Supplier_A,Sea,8443,9045,9.48,80039.64,9602,2110,5487,35,0,33,1173.1,Logistics Delay,1,8443,0,100.0,42.8,Medium,Orange,1.26,0,1,Synthetic dataset created for academic semiconductor SCM simulation,5
2023-05-16,Memory Chip,Asia-Pacific,Industrial,Supplier_B,Road,11621,11777,3.45,40092.45,7998,2905,7553,33,0,9,2338.18,Unknown,0,11621,0,100.0,15.6,Low,Green,0.963,0,0,Synthetic dataset created for academic semiconductor SCM simulation,5
2023-05-17,Analog IC,Rest of World,Telecom,Supplier_B,Road,7217,8711,6.63,47848.71,1585,1804,4691,31,2,5,1718.16,Inventory Shortage,5,7217,0,100.0,60.2,Medium,Orange,1.252,0,1,Synthetic dataset created for academic semiconductor SCM simulation,5
2023-05-18,Analog IC,North America,Telecom,Supplier_C,Air,8338,8650,3.54,29516.52,6560,2084,5419,15,3,2,3782.71,Unknown,0,8338,0,100.0,10.5,Low,Green,1.08,0,1,Synthetic dataset created for academic semiconductor SCM simulation,5
2023-05-19,Memory Chip,Rest of World,Industrial,Supplier_A,Multimodal,11245,10992,6.09,68482.05,6413,2811,7309,25,3,13,2599.75,Supplier Delay,4,11245,0,100.0,49.3,Medium,Orange,1.032,0,1,Synthetic dataset created for academic semiconductor SCM simulation,5
2023-05-20,Power IC,Asia-Pacific,Consumer Electronics,Supplier_B,Multimodal,6914,7143,5.91,40861.74,3782,1728,4494,33,1,12,1599.32,Unknown,0,6914,0,100.0,19.1,Low,Green,0.987,0,1,Synthetic dataset created for academic semiconductor SCM simulation,5
2023-05-21,Memory Chip,Europe,Computing,Supplier_A,Sea,9498,10363,6.93,65821.14,10778,2374,6173,31,1,33,1192.11,Unknown,0,9498,0,100.0,33.5,Low,Green,1.104,0,1,Synthetic dataset created for academic semiconductor SCM simulation,5
2023-05-22,Memory Chip,Rest of World,Consumer Electronics,Supplier_B,Road,10654,13433,7.41,78946.14,2392,2663,6925,15,1,8,2778.59,Inventory Shortage,2,10654,0,100.0,19.5,Low,Green,1.324,0,1,Synthetic dataset created for academic semiconductor SCM simulation,5
2023-05-23,Power IC,North America,Consumer Electronics,Supplier_D,Air,3958,3821,2.13,8430.54,3597,989,2572,31,0,3,1675.04,Unknown,0,3958,0,100.0,13.2,Low,Green,1.073,0,0,Synthetic dataset created for academic semiconductor SCM simulation,5
2023-05-24,Power IC,Asia-Pacific,Industrial,Supplier_C,Road,6120,6745,3.24,19828.8,6094,1530,3978,12,0,9,1261.11,Unknown,0,6120,0,100.0,0.0,Low,Green,1.166,0,0,Synthetic dataset created for academic semiconductor SCM simulation,5
2023-05-25,Power IC,India,Industrial,Supplier_C,Road,4855,5164,7.51,36461.05,3102,1213,3155,16,0,10,1074.44,Unknown,0,4855,0,100.0,0.0,Low,Green,1.113,0,0,Synthetic dataset created for academic semiconductor SCM simulation,5
2023-05-26,Microcontroller,North America,Computing,Supplier_A,Air,5365,5272,6.13,32887.45,6088,1341,3487,15,5,6,2307.81,Supplier Delay,2,5365,0,100.0,33.5,Low,Green,1.065,0,1,Synthetic dataset created for academic semiconductor SCM simulation,5
2023-05-27,Memory Chip,Asia-Pacific,Consumer Electronics,Supplier_B,Multimodal,8982,8918,11.85,106436.7,7429,2245,5838,29,4,16,1969.76,Unknown,0,8982,0,100.0,28.0,Low,Green,1.174,0,1,Synthetic dataset created for academic semiconductor SCM simulation,5
2023-05-28,Logic IC,Asia-Pacific,Consumer Electronics,Supplier_E,Road,8496,8888,10.44,88698.24,7717,2124,5522,37,1,6,1741.62,Unknown,0,8496,0,100.0,23.9,Low,Green,1.141,0,1,Synthetic dataset created for academic semiconductor SCM simulation,5
2023-05-29,Sensor IC,India,Computing,Supplier_C,Sea,5985,5848,3.76,22503.6,4289,1496,3890,34,0,32,743.47,Unknown,0,5985,0,100.0,32.8,Low,Green,0.994,0,0,Synthetic dataset created for academic semiconductor SCM simulation,5
2023-05-30,Microcontroller,North America,Consumer Electronics,Supplier_A,Sea,6635,8481,9.41,62435.35,3581,1658,4312,32,4,35,1021.16,Inventory Shortage,3,6635,0,100.0,70.8,High,Red,1.318,0,1,Synthetic dataset created for academic semiconductor SCM simulation,5
2023-05-31,Analog IC,Rest of World,Industrial,Supplier_B,Multimodal,8771,8816,2.57,22541.47,11673,2192,5701,12,2,18,2245.36,Logistics Delay,3,8771,0,100.0,35.8,Medium,Orange,1.15,0,1,Synthetic dataset created for academic semiconductor SCM simulation,5
2023-06-01,Logic IC,Asia-Pacific,Telecom,Supplier_C,Sea,8244,8646,10.58,87221.52,4404,2061,5358,24,0,31,1113.36,Unknown,0,8244,0,100.0,20.0,Low,Green,1.044,0,0,Synthetic dataset created for academic semiconductor SCM simulation,6
2023-06-02,Memory Chip,North America,Consumer Electronics,Supplier_E,Multimodal,8825,10329,3.99,35211.75,4557,2206,5736,25,0,12,2284.65,Inventory Shortage,2,8825,0,100.0,22.0,Low,Green,1.396,0,0,Synthetic dataset created for academic semiconductor SCM simulation,6
2023-06-03,Microcontroller,Rest of World,Consumer Electronics,Supplier_A,Air,7809,9735,10.82,84493.38,4492,1952,5075,31,0,2,3784.05,Demand Spike,1,7809,0,100.0,21.2,Low,Green,1.421,1,0,Synthetic dataset created for academic semiconductor SCM simulation,6
2023-06-04,Sensor IC,North America,Industrial,Supplier_C,Multimodal,5948,5707,8.03,47762.44,5414,1487,3866,32,0,18,1354.64,Unknown,0,5948,0,100.0,19.2,Low,Green,1.112,0,0,Synthetic dataset created for academic semiconductor SCM simulation,6
2023-06-05,Memory Chip,Asia-Pacific,Consumer Electronics,Supplier_A,Sea,8992,9951,9.73,87492.16,11781,2248,5844,33,6,23,1018.56,Supplier Delay,2,8992,0,100.0,61.4,Medium,Orange,1.15,0,1,Synthetic dataset created for academic semiconductor SCM simulation,6
2023-06-06,Logic IC,Europe,Automotive,Supplier_C,Air,8219,8019,6.6,54245.4,4467,2054,5342,22,0,13,3383.19,Logistics Delay,5,8219,0,100.0,43.2,Medium,Orange,1.15,0,1,Synthetic dataset created for academic semiconductor SCM simulation,6
2023-06-07,Analog IC,Europe,Industrial,Supplier_A,Air,11021,13937,9.86,108667.06,14826,2755,7163,27,1,2,5427.02,Demand Spike,2,11021,0,100.0,27.9,Low,Green,1.259,1,1,Synthetic dataset created for academic semiconductor SCM simulation,6
2023-06-08,Sensor IC,Europe,Industrial,Supplier_D,Multimodal,4373,4877,7.22,31573.06,4068,1093,2842,36,0,18,1227.99,Unknown,0,4373,0,100.0,24.0,Low,Green,1.208,0,0,Synthetic dataset created for academic semiconductor SCM simulation,6
2023-06-09,Memory Chip,India,Automotive,Supplier_E,Multimodal,11022,12008,13.13,144718.86,13385,2755,7164,16,0,15,2905.72,Demand Spike,2,11022,0,100.0,18.4,Low,Green,1.247,1,0,Synthetic dataset created for academic semiconductor SCM simulation,6
2023-06-10,Memory Chip,Europe,Telecom,Supplier_B,Multimodal,9252,10091,2.81,25998.12,7258,2313,6013,16,0,21,2880.72,Unknown,0,9252,0,100.0,7.2,Low,Green,1.227,0,0,Synthetic dataset created for academic semiconductor SCM simulation,6
2023-06-11,Analog IC,Rest of World,Automotive,Supplier_D,Sea,7705,7420,7.69,59251.45,5806,1926,5008,28,1,22,835.35,Unknown,0,7705,0,100.0,21.1,Low,Green,1.103,0,1,Synthetic dataset created for academic semiconductor SCM simulation,6
2023-06-12,Analog IC,Asia-Pacific,Industrial,Supplier_A,Sea,7078,7497,8.04,56907.12,6079,1769,4600,17,0,30,976.8,Unknown,0,7078,0,100.0,14.4,Low,Green,1.195,0,0,Synthetic dataset created for academic semiconductor SCM simulation,6
2023-06-13,Power IC,Rest of World,Computing,Supplier_C,Sea,4500,5887,8.02,36090.0,938,1125,2925,24,0,30,772.42,Inventory Shortage,5,4500,0,100.0,59.2,Medium,Orange,1.469,0,0,Synthetic dataset created for academic semiconductor SCM simulation,6
2023-06-14,Sensor IC,Europe,Telecom,Supplier_D,Sea,6056,6135,5.62,34034.72,5676,1514,3936,22,0,28,664.5,Unknown,0,6056,0,100.0,15.2,Low,Green,0.979,0,0,Synthetic dataset created for academic semiconductor SCM simulation,6
2023-06-15,Logic IC,Asia-Pacific,Industrial,Supplier_B,Sea,7843,8753,8.03,62979.29,5707,1960,5097,30,4,19,893.47,Unknown,0,7843,0,100.0,31.6,Low,Green,1.334,0,1,Synthetic dataset created for academic semiconductor SCM simulation,6
2023-06-16,Power IC,India,Computing,Supplier_B,Road,7225,8649,5.16,37281.0,6352,1806,4696,35,0,5,1871.44,Demand Spike,3,7225,0,100.0,42.0,Medium,Orange,1.397,1,0,Synthetic dataset created for academic semiconductor SCM simulation,6
2023-06-17,Microcontroller,Europe,Consumer Electronics,Supplier_B,Multimodal,7354,10206,8.12,59714.48,2304,1838,4780,34,0,17,2781.6,Inventory Shortage,2,7354,0,100.0,36.8,Medium,Orange,1.615,0,0,Synthetic dataset created for academic semiconductor SCM simulation,6
2023-06-18,Sensor IC,Asia-Pacific,Telecom,Supplier_B,Sea,6342,6901,7.45,47247.9,3242,1585,4122,27,0,22,880.77,Inventory Shortage,5,6342,0,100.0,56.4,Medium,Orange,1.169,0,0,Synthetic dataset created for academic semiconductor SCM simulation,6
2023-06-19,Sensor IC,Europe,Consumer Electronics,Supplier_C,Sea,6715,6460,8.2,55063.0,8701,1678,4364,26,0,26,836.55,Unknown,0,6715,0,100.0,18.4,Low,Green,1.148,0,0,Synthetic dataset created for academic semiconductor SCM simulation,6
2023-06-20,Sensor IC,Asia-Pacific,Industrial,Supplier_C,Multimodal,6260,6606,7.93,49641.8,5667,1565,4069,26,0,11,1751.37,Unknown,0,6260,0,100.0,7.2,Low,Green,1.072,0,0,Synthetic dataset created for academic semiconductor SCM simulation,6
2023-06-21,Analog IC,Asia-Pacific,Computing,Supplier_A,Sea,6615,6402,5.76,38102.4,5054,1653,4299,30,0,25,775.17,Unknown,0,6615,0,100.0,22.4,Low,Green,1.033,0,0,Synthetic dataset created for academic semiconductor SCM simulation,6
2023-06-22,Logic IC,India,Automotive,Supplier_A,Sea,6845,7396,4.19,28680.55,6014,1711,4449,22,5,28,903.61,Supplier Delay,4,6845,0,100.0,64.7,Medium,Orange,1.102,0,1,Synthetic dataset created for academic semiconductor SCM simulation,6
2023-06-23,Microcontroller,Rest of World,Consumer Electronics,Supplier_D,Sea,5986,6298,5.51,32982.86,7825,1496,3890,31,0,24,803.91,Unknown,0,5986,0,100.0,22.8,Low,Green,1.179,0,0,Synthetic dataset created for academic semiconductor SCM simulation,6
2023-06-24,Power IC,Europe,Consumer Electronics,Supplier_A,Sea,4422,4505,4.24,18749.28,2722,1105,2874,34,0,34,578.76,Unknown,0,4422,0,100.0,34.4,Low,Green,0.982,0,0,Synthetic dataset created for academic semiconductor SCM simulation,6
2023-06-25,Sensor IC,Europe,Industrial,Supplier_B,Sea,5455,5821,3.25,17728.75,5386,1363,3545,34,0,30,726.7,Unknown,0,5455,0,100.0,31.2,Low,Green,1.034,0,0,Synthetic dataset created for academic semiconductor SCM simulation,6
2023-06-26,Analog IC,Rest of World,Computing,Supplier_B,Road,7664,7299,10.97,84074.08,3474,1916,4981,16,18,11,1464.76,Supplier Delay,3,7664,0,100.0,87.0,High,Red,1.012,0,1,Synthetic dataset created for academic semiconductor SCM simulation,6
2023-06-27,Memory Chip,India,Computing,Supplier_A,Air,10266,10705,4.03,41371.98,4769,2566,6672,24,0,3,5144.14,Unknown,0,10266,0,100.0,4.8,Low,Green,1.224,0,0,Synthetic dataset created for academic semiconductor SCM simulation,6
2023-06-28,Logic IC,Asia-Pacific,Telecom,Supplier_D,Multimodal,10660,10765,7.8,83148.0,10504,2665,6929,36,0,15,2462.35,Unknown,0,10660,0,100.0,21.6,Low,Green,1.096,0,0,Synthetic dataset created for academic semiconductor SCM simulation,6
2023-06-29,Sensor IC,Europe,Telecom,Supplier_C,Air,7172,7605,7.35,52714.2,6979,1793,4661,25,0,6,3300.24,Unknown,0,7172,0,100.0,6.0,Low,Green,1.016,0,0,Synthetic dataset created for academic semiconductor SCM simulation,6
2023-06-30,Power IC,India,Consumer Electronics,Supplier_B,Multimodal,4792,4645,8.98,43032.16,5529,1198,3114,15,0,10,1317.57,Unknown,0,4792,0,100.0,0.0,Low,Green,1.044,0,0,Synthetic dataset created for academic semiconductor SCM simulation,6
2023-07-01,Power IC,Europe,Industrial,Supplier_D,Sea,5542,5289,8.42,46663.64,3700,1385,3602,36,1,28,696.9,Unknown,0,5542,0,100.0,35.5,Medium,Orange,1.139,0,1,Synthetic dataset created for academic semiconductor SCM simulation,7
2023-07-02,Memory Chip,Rest of World,Telecom,Supplier_A,Multimodal,8842,9356,12.95,114503.9,9629,2210,5747,17,0,16,2176.48,Unknown,0,8842,0,100.0,3.2,Low,Green,1.039,0,0,Synthetic dataset created for academic semiconductor SCM simulation,7
2023-07-03,Microcontroller,Rest of World,Telecom,Supplier_C,Sea,6306,6459,7.87,49628.22,7050,1576,4098,30,0,35,720.95,Unknown,0,6306,0,100.0,30.4,Low,Green,1.006,0,0,Synthetic dataset created for academic semiconductor SCM simulation,7
2023-07-04,Sensor IC,Europe,Consumer Electronics,Supplier_B,Sea,5232,5446,4.01,20980.32,5360,1308,3400,24,1,26,651.92,Unknown,0,5232,0,100.0,19.5,Low,Green,1.14,0,1,Synthetic dataset created for academic semiconductor SCM simulation,7
2023-07-05,Microcontroller,Asia-Pacific,Telecom,Supplier_E,Air,6308,6075,9.92,62575.36,6740,1577,4100,23,0,16,2354.76,Logistics Delay,1,6308,0,100.0,14.8,Low,Green,1.005,0,1,Synthetic dataset created for academic semiconductor SCM simulation,7
2023-07-06,Power IC,India,Consumer Electronics,Supplier_B,Road,4664,4572,6.52,30409.28,4617,1166,3031,31,2,10,1041.09,Unknown,0,4664,0,100.0,20.2,Low,Green,0.932,0,1,Synthetic dataset created for academic semiconductor SCM simulation,7
2023-07-07,Logic IC,Europe,Automotive,Supplier_B,Air,9460,10486,5.54,52408.4,5040,2365,6149,19,0,3,4226.95,Demand Spike,2,9460,0,100.0,16.0,Low,Green,1.249,1,0,Synthetic dataset created for academic semiconductor SCM simulation,7
2023-07-08,Analog IC,Europe,Telecom,Supplier_D,Multimodal,6147,6257,3.93,24157.71,6016,1536,3995,20,0,19,1708.83,Unknown,0,6147,0,100.0,5.6,Low,Green,1.009,0,0,Synthetic dataset created for academic semiconductor SCM simulation,7
2023-07-09,Memory Chip,India,Telecom,Supplier_D,Multimodal,8108,7850,6.41,51972.28,5495,2027,5270,24,0,10,2237.12,Unknown,0,8108,0,100.0,4.8,Low,Green,1.019,0,0,Synthetic dataset created for academic semiconductor SCM simulation,7
2023-07-10,Logic IC,Rest of World,Industrial,Supplier_D,Air,6936,7543,6.61,45846.96,3884,1734,4508,21,0,3,3592.12,Unknown,0,6936,0,100.0,1.2,Low,Green,1.12,0,0,Synthetic dataset created for academic semiconductor SCM simulation,7
2023-07-11,Microcontroller,Europe,Consumer Electronics,Supplier_D,Road,6597,6942,6.91,45585.27,4855,1649,4288,21,0,11,1486.31,Unknown,0,6597,0,100.0,1.2,Low,Green,1.084,0,0,Synthetic dataset created for academic semiconductor SCM simulation,7
2023-07-12,Memory Chip,Asia-Pacific,Telecom,Supplier_D,Air,8001,9242,8.82,70568.82,1453,2000,5200,35,0,2,4405.63,Inventory Shortage,4,8001,0,100.0,50.0,Medium,Orange,1.231,0,0,Synthetic dataset created for academic semiconductor SCM simulation,7
2023-07-13,Memory Chip,India,Automotive,Supplier_E,Air,8710,9503,6.77,58966.7,7790,2177,5661,25,0,4,4519.64,Unknown,0,8710,0,100.0,6.0,Low,Green,1.049,0,0,Synthetic dataset created for academic semiconductor SCM simulation,7
2023-07-14,Power IC,India,Telecom,Supplier_A,Road,4488,4754,1.79,8033.52,1420,1122,2917,15,4,7,864.73,Inventory Shortage,1,4488,0,100.0,22.0,Low,Green,1.245,0,1,Synthetic dataset created for academic semiconductor SCM simulation,7
2023-07-15,Microcontroller,Asia-Pacific,Industrial,Supplier_A,Air,6450,6881,9.42,60759.0,7905,1612,4192,24,0,3,2710.51,Unknown,0,6450,0,100.0,4.8,Low,Green,1.214,0,0,Synthetic dataset created for academic semiconductor SCM simulation,7
2023-07-16,Sensor IC,India,Automotive,Supplier_E,Sea,5552,5898,10.59,58795.68,2912,1388,3608,30,1,20,641.56,Unknown,0,5552,0,100.0,21.9,Low,Green,1.158,0,1,Synthetic dataset created for academic semiconductor SCM simulation,7
2023-07-17,Memory Chip,North America,Automotive,Supplier_A,Multimodal,8980,9780,4.27,38344.6,9767,2245,5837,15,0,22,2777.48,Unknown,0,8980,0,100.0,8.0,Low,Green,1.213,0,0,Synthetic dataset created for academic semiconductor SCM simulation,7
2023-07-18,Logic IC,Asia-Pacific,Consumer Electronics,Supplier_B,Road,7405,7604,8.62,63831.1,5379,1851,4813,18,1,9,1371.45,Unknown,0,7405,0,100.0,3.5,Low,Green,1.199,0,1,Synthetic dataset created for academic semiconductor SCM simulation,7
2023-07-19,Analog IC,Asia-Pacific,Consumer Electronics,Supplier_D,Air,6356,6326,6.76,42966.56,5130,1589,4131,33,0,12,2560.26,Logistics Delay,2,6356,0,100.0,31.6,Low,Green,1.053,0,1,Synthetic dataset created for academic semiconductor SCM simulation,7
2023-07-20,Power IC,Asia-Pacific,Telecom,Supplier_C,Road,4021,4263,7.92,31846.32,4007,1005,2613,25,0,7,796.02,Unknown,0,4021,0,100.0,6.0,Low,Green,1.145,0,0,Synthetic dataset created for academic semiconductor SCM simulation,7
2023-07-21,Microcontroller,Asia-Pacific,Consumer Electronics,Supplier_A,Sea,7011,6945,6.96,48796.56,7785,1752,4557,20,0,30,710.77,Unknown,0,7011,0,100.0,14.4,Low,Green,1.159,0,0,Synthetic dataset created for academic semiconductor SCM simulation,7
2023-07-22,Power IC,India,Consumer Electronics,Supplier_B,Sea,5162,5156,6.77,34946.74,6535,1290,3355,35,0,34,562.39,Unknown,0,5162,0,100.0,35.6,Medium,Orange,1.008,0,0,Synthetic dataset created for academic semiconductor SCM simulation,7
2023-07-23,Power IC,Asia-Pacific,Consumer Electronics,Supplier_B,Road,4655,4797,4.54,21133.7,4079,1163,3025,17,4,5,916.57,Unknown,0,4655,0,100.0,14.0,Low,Green,0.979,0,1,Synthetic dataset created for academic semiconductor SCM simulation,7
2023-07-24,Memory Chip,India,Automotive,Supplier_A,Air,8493,9498,11.39,96735.27,6387,2123,5520,28,0,3,4552.3,Unknown,0,8493,0,100.0,9.6,Low,Green,1.2,0,0,Synthetic dataset created for academic semiconductor SCM simulation,7
2023-07-25,Power IC,Rest of World,Industrial,Supplier_D,Road,4363,4671,9.28,40488.64,4822,1090,2835,41,2,6,981.33,Unknown,0,4363,0,100.0,32.2,Low,Green,1.023,0,1,Synthetic dataset created for academic semiconductor SCM simulation,7
2023-07-26,Sensor IC,North America,Consumer Electronics,Supplier_C,Multimodal,5485,5749,8.06,44209.1,3820,1371,3565,25,0,20,1286.46,Unknown,0,5485,0,100.0,12.4,Low,Green,1.16,0,0,Synthetic dataset created for academic semiconductor SCM simulation,7
2023-07-27,Logic IC,India,Computing,Supplier_B,Road,8065,8469,12.03,97021.95,9402,2016,5242,20,0,10,1507.56,Unknown,0,8065,0,100.0,0.0,Low,Green,1.146,0,0,Synthetic dataset created for academic semiconductor SCM simulation,7
2023-07-28,Power IC,Europe,Automotive,Supplier_A,Multimodal,4161,4838,9.92,41277.12,1447,1040,2704,31,0,14,1067.52,Inventory Shortage,2,4161,0,100.0,30.8,Low,Green,1.168,0,0,Synthetic dataset created for academic semiconductor SCM simulation,7
2023-07-29,Logic IC,Asia-Pacific,Automotive,Supplier_D,Road,10562,12332,11.12,117449.44,10315,2640,6865,41,0,7,2247.06,Demand Spike,1,10562,0,100.0,33.2,Low,Green,1.133,1,0,Synthetic dataset created for academic semiconductor SCM simulation,7
2023-07-30,Memory Chip,Asia-Pacific,Telecom,Supplier_C,Sea,11977,14942,5.07,60723.39,12755,2994,7785,21,0,31,1764.34,Demand Spike,4,11977,0,100.0,48.4,Medium,Orange,1.247,1,0,Synthetic dataset created for academic semiconductor SCM simulation,7
2023-07-31,Memory Chip,India,Computing,Supplier_B,Road,8554,10482,11.84,101279.36,3022,2138,5560,25,0,10,2350.99,Inventory Shortage,4,8554,0,100.0,38.0,Medium,Orange,1.295,0,0,Synthetic dataset created for academic semiconductor SCM simulation,7
2023-08-01,Sensor IC,India,Telecom,Supplier_A,Air,5498,5984,9.96,54760.08,1809,1374,3573,19,0,4,2831.46,Inventory Shortage,4,5498,0,100.0,32.0,Low,Green,1.036,0,0,Synthetic dataset created for academic semiconductor SCM simulation,8
2023-08-02,Logic IC,India,Automotive,Supplier_A,Air,6546,6880,10.73,70238.58,5955,1636,4254,30,0,4,3107.43,Unknown,0,6546,0,100.0,12.0,Low,Green,1.187,0,0,Synthetic dataset created for academic semiconductor SCM simulation,8
2023-08-03,Analog IC,North America,Computing,Supplier_B,Multimodal,8007,8824,8.4,67258.8,4429,2001,5204,16,0,19,2342.95,Unknown,0,8007,0,100.0,5.6,Low,Green,1.047,0,0,Synthetic dataset created for academic semiconductor SCM simulation,8
2023-08-04,Logic IC,Asia-Pacific,Computing,Supplier_A,Sea,9514,12221,7.18,68310.52,7983,2378,6184,17,2,26,1458.77,Demand Spike,4,9514,0,100.0,50.2,Medium,Orange,1.425,1,1,Synthetic dataset created for academic semiconductor SCM simulation,8
2023-08-05,Memory Chip,North America,Consumer Electronics,Supplier_B,Sea,9300,9293,9.54,88722.0,8068,2325,6045,30,0,30,1165.3,Unknown,0,9300,0,100.0,26.4,Low,Green,1.153,0,0,Synthetic dataset created for academic semiconductor SCM simulation,8
2023-08-06,Memory Chip,Asia-Pacific,Industrial,Supplier_D,Air,8094,8576,12.03,97370.82,3708,2023,5261,36,0,4,3737.01,Unknown,0,8094,0,100.0,19.2,Low,Green,1.049,0,0,Synthetic dataset created for academic semiconductor SCM simulation,8
2023-08-07,Logic IC,Rest of World,Consumer Electronics,Supplier_C,Multimodal,6812,6673,3.69,25136.28,7102,1703,4427,32,1,14,1818.51,Unknown,0,6812,0,100.0,19.5,Low,Green,1.157,0,1,Synthetic dataset created for academic semiconductor SCM simulation,8
2023-08-08,Microcontroller,India,Telecom,Supplier_D,Sea,5355,6968,7.42,39734.1,2875,1338,3480,36,2,19,726.43,Demand Spike,5,5355,0,100.0,71.8,High,Red,1.271,1,1,Synthetic dataset created for academic semiconductor SCM simulation,8
2023-08-09,Analog IC,India,Industrial,Supplier_B,Sea,5197,5715,9.28,48228.16,2513,1299,3378,24,1,20,613.03,Unknown,0,5197,0,100.0,14.7,Low,Green,1.251,0,1,Synthetic dataset created for academic semiconductor SCM simulation,8
2023-08-10,Sensor IC,Europe,Computing,Supplier_A,Sea,4630,5176,6.96,32224.8,2758,1157,3009,18,0,32,546.79,Unknown,0,4630,0,100.0,16.0,Low,Green,1.289,0,0,Synthetic dataset created for academic semiconductor SCM simulation,8
2023-08-11,Memory Chip,Asia-Pacific,Computing,Supplier_A,Air,9623,10466,12.03,115764.69,10652,2405,6254,23,1,6,4200.51,Unknown,0,9623,0,100.0,7.1,Low,Green,1.281,0,1,Synthetic dataset created for academic semiconductor SCM simulation,8
2023-08-12,Analog IC,Rest of World,Telecom,Supplier_B,Sea,5222,5509,7.59,39634.98,2947,1305,3394,16,1,31,648.86,Unknown,0,5222,0,100.0,18.7,Low,Green,1.139,0,1,Synthetic dataset created for academic semiconductor SCM simulation,8
2023-08-13,Microcontroller,Asia-Pacific,Telecom,Supplier_B,Air,5178,5210,4.03,20867.34,3065,1294,3365,21,3,4,2542.1,Unknown,0,5178,0,100.0,11.7,Low,Green,1.028,0,1,Synthetic dataset created for academic semiconductor SCM simulation,8
2023-08-14,Logic IC,Rest of World,Consumer Electronics,Supplier_E,Road,6647,6973,11.94,79365.18,8303,1661,4320,27,3,11,1272.08,Supplier Delay,1,6647,0,100.0,26.9,Low,Green,1.012,0,1,Synthetic dataset created for academic semiconductor SCM simulation,8
2023-08-15,Memory Chip,Rest of World,Industrial,Supplier_A,Sea,8451,9185,8.4,70988.4,8461,2112,5493,31,1,29,1090.62,Unknown,0,8451,0,100.0,30.3,Low,Green,1.054,0,1,Synthetic dataset created for academic semiconductor SCM simulation,8
2023-08-16,Logic IC,India,Consumer Electronics,Supplier_C,Air,7645,7717,7.11,54355.95,6050,1911,4969,19,0,2,3508.34,Unknown,0,7645,0,100.0,0.0,Low,Green,1.131,0,0,Synthetic dataset created for academic semiconductor SCM simulation,8
2023-08-17,Microcontroller,Rest of World,Telecom,Supplier_A,Multimodal,8067,9301,6.06,48886.02,4050,2016,5243,31,4,15,2301.34,Demand Spike,2,8067,0,100.0,45.6,Medium,Orange,1.162,1,1,Synthetic dataset created for academic semiconductor SCM simulation,8
2023-08-18,Logic IC,Asia-Pacific,Consumer Electronics,Supplier_D,Air,7025,6765,3.43,24095.75,5676,1756,4566,21,4,4,2667.74,Supplier Delay,1,7025,0,100.0,23.2,Low,Green,1.073,0,1,Synthetic dataset created for academic semiconductor SCM simulation,8
2023-08-19,Analog IC,Asia-Pacific,Automotive,Supplier_C,Sea,5959,6405,5.57,33191.63,7470,1489,3873,19,0,29,685.71,Unknown,0,5959,0,100.0,13.6,Low,Green,1.107,0,0,Synthetic dataset created for academic semiconductor SCM simulation,8
2023-08-20,Logic IC,Rest of World,Automotive,Supplier_A,Road,7933,7642,11.68,92657.44,9398,1983,5156,28,10,8,1468.99,Supplier Delay,3,7933,0,100.0,68.6,High,Red,0.949,0,1,Synthetic dataset created for academic semiconductor SCM simulation,8
2023-08-21,Memory Chip,India,Telecom,Supplier_A,Air,7357,7031,5.26,38697.82,3435,1839,4782,24,0,2,2997.85,Unknown,0,7357,0,100.0,4.8,Low,Green,0.999,0,0,Synthetic dataset created for academic semiconductor SCM simulation,8
2023-08-22,Sensor IC,Asia-Pacific,Consumer Electronics,Supplier_B,Multimodal,5310,5319,6.67,35417.7,3424,1327,3451,23,3,22,1437.4,Unknown,0,5310,0,100.0,22.1,Low,Green,0.958,0,1,Synthetic dataset created for academic semiconductor SCM simulation,8
2023-08-23,Analog IC,Rest of World,Telecom,Supplier_D,Air,8910,11808,10.59,94356.9,7757,2227,5791,34,0,6,5892.17,Demand Spike,5,8910,0,100.0,56.8,Medium,Orange,1.588,1,0,Synthetic dataset created for academic semiconductor SCM simulation,8
2023-08-24,Memory Chip,North America,Automotive,Supplier_C,Road,8919,8984,6.54,58330.26,9317,2229,5797,31,0,5,1693.42,Unknown,0,8919,0,100.0,13.2,Low,Green,1.167,0,0,Synthetic dataset created for academic semiconductor SCM simulation,8
2023-08-25,Memory Chip,India,Telecom,Supplier_A,Multimodal,8661,8282,6.15,53265.15,6052,2165,5629,32,2,19,2348.74,Unknown,0,8661,0,100.0,27.0,Low,Green,1.054,0,1,Synthetic dataset created for academic semiconductor SCM simulation,8
2023-08-26,Power IC,Asia-Pacific,Telecom,Supplier_B,Road,4178,4130,3.18,13286.04,3535,1044,2715,31,0,19,825.52,Logistics Delay,2,4178,0,100.0,34.8,Low,Green,1.018,0,1,Synthetic dataset created for academic semiconductor SCM simulation,8
2023-08-27,Logic IC,North America,Automotive,Supplier_C,Road,6237,6821,11.02,68731.74,5297,1559,4054,29,1,10,1196.51,Unknown,0,6237,0,100.0,14.3,Low,Green,1.179,0,1,Synthetic dataset created for academic semiconductor SCM simulation,8
2023-08-28,Memory Chip,North America,Industrial,Supplier_E,Road,8999,9201,5.31,47784.69,11682,2249,5849,16,0,11,1769.89,Unknown,0,8999,0,100.0,0.0,Low,Green,1.046,0,0,Synthetic dataset created for academic semiconductor SCM simulation,8
2023-08-29,Microcontroller,North America,Industrial,Supplier_A,Road,4642,5412,9.58,44470.36,2082,1160,3017,28,1,8,1181.72,Inventory Shortage,5,4642,0,100.0,53.1,Medium,Orange,1.219,0,1,Synthetic dataset created for academic semiconductor SCM simulation,8
2023-08-30,Analog IC,Asia-Pacific,Automotive,Supplier_B,Multimodal,5631,5930,8.59,48370.29,6424,1407,3660,28,0,22,1384.66,Logistics Delay,1,5631,0,100.0,25.6,Low,Green,1.096,0,1,Synthetic dataset created for academic semiconductor SCM simulation,8
2023-08-31,Sensor IC,Europe,Automotive,Supplier_B,Multimodal,4991,5048,4.97,24805.27,3278,1247,3244,28,5,17,1376.15,Supplier Delay,4,4991,0,100.0,63.1,Medium,Orange,1.17,0,1,Synthetic dataset created for academic semiconductor SCM simulation,8
2023-09-01,Memory Chip,Rest of World,Consumer Electronics,Supplier_D,Sea,6697,6496,6.69,44802.93,5536,1674,4353,31,0,23,678.85,Unknown,0,6697,0,100.0,22.0,Low,Green,1.107,0,0,Synthetic dataset created for academic semiconductor SCM simulation,9
2023-09-02,Analog IC,India,Automotive,Supplier_B,Air,7283,9174,10.67,77709.61,7944,1820,4733,24,3,4,4111.55,Demand Spike,1,7283,0,100.0,23.3,Low,Green,1.234,1,1,Synthetic dataset created for academic semiconductor SCM simulation,9
2023-09-03,Power IC,Rest of World,Computing,Supplier_E,Air,4177,4642,9.44,39430.88,4759,1044,2715,37,16,4,1861.97,Supplier Delay,3,4177,0,100.0,100.0,High,Red,1.31,0,1,Synthetic dataset created for academic semiconductor SCM simulation,9
2023-09-04,Logic IC,Asia-Pacific,Consumer Electronics,Supplier_A,Road,6709,6806,6.71,45017.39,6425,1677,4360,28,11,9,1296.16,Supplier Delay,4,6709,0,100.0,80.1,High,Red,1.191,0,1,Synthetic dataset created for academic semiconductor SCM simulation,9
2023-09-05,Logic IC,Rest of World,Telecom,Supplier_C,Road,5707,7744,12.49,71280.43,1605,1426,3709,18,0,6,1449.93,Inventory Shortage,1,5707,0,100.0,8.0,Low,Green,1.438,0,0,Synthetic dataset created for academic semiconductor SCM simulation,9
2023-09-06,Memory Chip,Europe,Industrial,Supplier_E,Air,9151,10171,11.43,104595.93,2898,2287,5948,19,0,2,4470.5,Inventory Shortage,3,9151,0,100.0,24.0,Low,Green,1.134,0,0,Synthetic dataset created for academic semiconductor SCM simulation,9
2023-09-07,Logic IC,India,Telecom,Supplier_E,Sea,7053,7547,10.97,77371.41,9321,1763,4584,31,0,22,913.7,Unknown,0,7053,0,100.0,21.2,Low,Green,1.232,0,0,Synthetic dataset created for academic semiconductor SCM simulation,9
2023-09-08,Analog IC,North America,Automotive,Supplier_C,Sea,5318,5301,8.31,44192.58,5767,1329,3456,28,0,28,542.37,Unknown,0,5318,0,100.0,22.4,Low,Green,1.077,0,0,Synthetic dataset created for academic semiconductor SCM simulation,9
2023-09-09,Memory Chip,Rest of World,Automotive,Supplier_A,Sea,8688,9771,11.15,96871.2,1574,2172,5647,35,0,24,1243.71,Inventory Shortage,2,8688,0,100.0,43.6,Medium,Orange,1.087,0,0,Synthetic dataset created for academic semiconductor SCM simulation,9
2023-09-10,Logic IC,Rest of World,Consumer Electronics,Supplier_B,Air,7324,7285,6.09,44603.16,9063,1831,4760,30,0,4,3525.41,Unknown,0,7324,0,100.0,12.0,Low,Green,1.111,0,0,Synthetic dataset created for academic semiconductor SCM simulation,9
2023-09-11,Sensor IC,India,Computing,Supplier_C,Multimodal,4819,5853,4.03,19420.57,2246,1204,3132,25,0,15,1557.96,Inventory Shortage,3,4819,0,100.0,32.4,Low,Green,1.301,0,0,Synthetic dataset created for academic semiconductor SCM simulation,9
2023-09-12,Sensor IC,Rest of World,Telecom,Supplier_B,Air,5338,5531,9.81,52365.78,4525,1334,3469,25,0,4,2363.47,Unknown,0,5338,0,100.0,6.0,Low,Green,1.088,0,0,Synthetic dataset created for academic semiconductor SCM simulation,9
2023-09-13,Microcontroller,Europe,Telecom,Supplier_B,Road,5259,5193,10.22,53746.98,6864,1314,3418,29,0,7,1047.77,Unknown,0,5259,0,100.0,10.8,Low,Green,0.943,0,0,Synthetic dataset created for academic semiconductor SCM simulation,9
2023-09-14,Sensor IC,Asia-Pacific,Industrial,Supplier_C,Air,4804,4735,6.62,31802.48,3094,1201,3122,17,15,3,1987.61,Supplier Delay,5,4804,0,100.0,92.5,High,Red,1.117,0,1,Synthetic dataset created for academic semiconductor SCM simulation,9
2023-09-15,Microcontroller,Asia-Pacific,Automotive,Supplier_E,Air,4246,4238,2.13,9043.98,3442,1061,2759,40,0,2,1803.73,Unknown,0,4246,0,100.0,24.0,Low,Green,1.152,0,0,Synthetic dataset created for academic semiconductor SCM simulation,9
2023-09-16,Power IC,Asia-Pacific,Automotive,Supplier_A,Multimodal,4037,4344,6.3,25433.1,4667,1009,2624,16,0,19,1207.07,Unknown,0,4037,0,100.0,5.6,Low,Green,1.137,0,0,Synthetic dataset created for academic semiconductor SCM simulation,9
2023-09-17,Analog IC,Asia-Pacific,Industrial,Supplier_C,Multimodal,6005,6089,6.3,37831.5,5583,1501,3903,19,16,14,1713.15,Supplier Delay,4,6005,0,100.0,89.6,High,Red,1.025,0,1,Synthetic dataset created for academic semiconductor SCM simulation,9
2023-09-18,Microcontroller,India,Telecom,Supplier_C,Air,5881,6164,2.14,12585.34,5980,1470,3822,19,0,5,2441.65,Unknown,0,5881,0,100.0,0.0,Low,Green,1.018,0,0,Synthetic dataset created for academic semiconductor SCM simulation,9
2023-09-19,Logic IC,North America,Consumer Electronics,Supplier_D,Sea,10836,12998,10.16,110093.76,10715,2709,7043,25,0,22,1582.34,Demand Spike,5,10836,0,100.0,54.0,Medium,Orange,1.401,1,0,Synthetic dataset created for academic semiconductor SCM simulation,9
2023-09-20,Power IC,North America,Computing,Supplier_D,Multimodal,4298,4559,4.44,19083.12,2426,1074,2793,39,0,21,1010.18,Unknown,0,4298,0,100.0,30.0,Low,Green,1.011,0,0,Synthetic dataset created for academic semiconductor SCM simulation,9
2023-09-21,Logic IC,Asia-Pacific,Consumer Electronics,Supplier_B,Multimodal,7023,6875,10.53,73952.19,9454,1755,4564,27,0,18,1543.2,Logistics Delay,4,7023,0,100.0,45.2,Medium,Orange,1.106,0,1,Synthetic dataset created for academic semiconductor SCM simulation,9
2023-09-22,Analog IC,Europe,Computing,Supplier_C,Road,5601,5478,4.9,27444.9,7239,1400,3640,33,0,9,1081.27,Unknown,0,5601,0,100.0,15.6,Low,Green,1.156,0,0,Synthetic dataset created for academic semiconductor SCM simulation,9
2023-09-23,Analog IC,North America,Consumer Electronics,Supplier_E,Multimodal,6582,6327,11.77,77470.14,6664,1645,4278,28,0,15,1409.78,Unknown,0,6582,0,100.0,12.0,Low,Green,1.056,0,0,Synthetic dataset created for academic semiconductor SCM simulation,9
2023-09-24,Microcontroller,Europe,Computing,Supplier_B,Road,5447,5428,9.7,52835.9,5683,1361,3540,25,12,9,1095.58,Supplier Delay,2,5447,0,100.0,64.0,Medium,Orange,0.966,0,1,Synthetic dataset created for academic semiconductor SCM simulation,9
2023-09-25,Memory Chip,Asia-Pacific,Consumer Electronics,Supplier_C,Sea,11511,14197,11.59,133412.49,7581,2877,7482,31,0,33,1406.75,Demand Spike,5,11511,0,100.0,70.0,High,Red,1.238,1,0,Synthetic dataset created for academic semiconductor SCM simulation,9
2023-09-26,Logic IC,North America,Consumer Electronics,Supplier_B,Multimodal,7137,6874,12.28,87642.36,3965,1784,4639,16,0,23,1732.43,Logistics Delay,3,7137,0,100.0,32.8,Low,Green,1.05,0,1,Synthetic dataset created for academic semiconductor SCM simulation,9
2023-09-27,Sensor IC,India,Telecom,Supplier_C,Road,5234,5510,3.73,19522.82,5629,1308,3402,17,3,11,1080.92,Unknown,0,5234,0,100.0,10.5,Low,Green,1.066,0,1,Synthetic dataset created for academic semiconductor SCM simulation,9
2023-09-28,Microcontroller,Rest of World,Telecom,Supplier_C,Sea,4930,4989,6.33,31206.9,6359,1232,3204,33,0,24,555.52,Unknown,0,4930,0,100.0,25.2,Low,Green,1.213,0,0,Synthetic dataset created for academic semiconductor SCM simulation,9
2023-09-29,Memory Chip,India,Industrial,Supplier_E,Sea,8960,9073,4.99,44710.4,9711,2240,5824,18,0,33,1196.36,Unknown,0,8960,0,100.0,16.8,Low,Green,1.031,0,0,Synthetic dataset created for academic semiconductor SCM simulation,9
2023-09-30,Microcontroller,Rest of World,Automotive,Supplier_D,Multimodal,5434,5599,10.21,55481.14,6704,1358,3532,37,0,21,1506.17,Unknown,0,5434,0,100.0,27.6,Low,Green,1.013,0,0,Synthetic dataset created for academic semiconductor SCM simulation,9
2023-10-01,Sensor IC,Asia-Pacific,Automotive,Supplier_D,Air,4635,5075,7.7,35689.5,4857,1158,3012,37,0,4,1927.41,Unknown,0,4635,0,100.0,20.4,Low,Green,1.154,0,0,Synthetic dataset created for academic semiconductor SCM simulation,10
2023-10-02,Analog IC,Asia-Pacific,Automotive,Supplier_B,Sea,7359,7206,2.45,18029.55,8860,1839,4783,31,9,31,890.99,Supplier Delay,1,7359,0,100.0,67.9,High,Red,0.931,0,1,Synthetic dataset created for academic semiconductor SCM simulation,10
2023-10-03,Power IC,Rest of World,Industrial,Supplier_A,Road,3250,3601,2.45,7962.5,1521,812,2112,14,0,10,744.39,Unknown,0,3250,0,100.0,0.0,Low,Green,1.1,0,0,Synthetic dataset created for academic semiconductor SCM simulation,10
2023-10-04,Microcontroller,North America,Industrial,Supplier_D,Air,5848,5861,8.37,48947.76,4099,1462,3801,25,1,18,2427.46,Logistics Delay,2,5848,0,100.0,30.3,Low,Green,1.094,0,1,Synthetic dataset created for academic semiconductor SCM simulation,10
2023-10-05,Sensor IC,North America,Consumer Electronics,Supplier_C,Sea,5344,5160,5.0,26720.0,5219,1336,3473,23,14,32,672.55,Supplier Delay,3,5344,0,100.0,92.6,High,Red,0.955,0,1,Synthetic dataset created for academic semiconductor SCM simulation,10
2023-10-06,Logic IC,North America,Telecom,Supplier_C,Road,7608,8132,7.39,56223.12,5209,1902,4945,35,1,8,1491.74,Unknown,0,7608,0,100.0,21.5,Low,Green,1.262,0,1,Synthetic dataset created for academic semiconductor SCM simulation,10
2023-10-07,Logic IC,North America,Telecom,Supplier_B,Multimodal,6290,6604,2.46,15473.4,4736,1572,4088,34,0,16,1652.56,Unknown,0,6290,0,100.0,20.0,Low,Green,1.234,0,0,Synthetic dataset created for academic semiconductor SCM simulation,10
2023-10-08,Memory Chip,Europe,Industrial,Supplier_B,Multimodal,7877,8490,7.03,55375.31,5335,1969,5120,31,0,17,2343.71,Unknown,0,7877,0,100.0,17.2,Low,Green,1.124,0,0,Synthetic dataset created for academic semiconductor SCM simulation,10
2023-10-09,Power IC,India,Telecom,Supplier_C,Air,6441,7598,6.61,42575.01,8364,1610,4186,30,0,6,3796.11,Demand Spike,5,6441,0,100.0,52.0,Medium,Orange,1.179,1,0,Synthetic dataset created for academic semiconductor SCM simulation,10
2023-10-10,Logic IC,North America,Consumer Electronics,Supplier_C,Air,6674,8167,5.73,38242.02,1784,1668,4338,24,0,2,3397.16,Inventory Shortage,3,6674,0,100.0,28.8,Low,Green,1.225,0,0,Synthetic dataset created for academic semiconductor SCM simulation,10
2023-10-11,Microcontroller,North America,Consumer Electronics,Supplier_E,Road,5987,6247,5.64,33766.68,6805,1496,3891,23,0,6,1113.99,Unknown,0,5987,0,100.0,3.6,Low,Green,1.026,0,0,Synthetic dataset created for academic semiconductor SCM simulation,10
2023-10-12,Power IC,Europe,Telecom,Supplier_E,Multimodal,4204,4241,7.39,31067.56,3789,1051,2732,32,0,15,1026.68,Unknown,0,4204,0,100.0,16.8,Low,Green,0.959,0,0,Synthetic dataset created for academic semiconductor SCM simulation,10
2023-10-13,Logic IC,India,Automotive,Supplier_B,Sea,6741,6510,6.13,41322.33,3244,1685,4381,17,0,27,820.92,Unknown,0,6741,0,100.0,12.0,Low,Green,1.149,0,0,Synthetic dataset created for academic semiconductor SCM simulation,10
2023-10-14,Sensor IC,North America,Consumer Electronics,Supplier_D,Air,5130,4945,7.97,40886.1,4081,1282,3334,22,2,2,2227.28,Unknown,0,5130,0,100.0,9.4,Low,Green,1.025,0,1,Synthetic dataset created for academic semiconductor SCM simulation,10
2023-10-15,Sensor IC,India,Telecom,Supplier_A,Road,4228,4596,9.97,42153.16,5634,1057,2748,28,0,10,991.69,Unknown,0,4228,0,100.0,9.6,Low,Green,1.177,0,0,Synthetic dataset created for academic semiconductor SCM simulation,10
2023-10-16,Sensor IC,Asia-Pacific,Consumer Electronics,Supplier_A,Road,5593,6686,7.33,40996.69,1110,1398,3635,26,0,5,1474.06,Inventory Shortage,5,5593,0,100.0,47.2,Medium,Orange,1.315,0,0,Synthetic dataset created for academic semiconductor SCM simulation,10
2023-10-17,Power IC,Europe,Telecom,Supplier_C,Road,4212,4211,5.25,22113.0,4695,1053,2737,26,0,10,728.87,Unknown,0,4212,0,100.0,7.2,Low,Green,1.012,0,0,Synthetic dataset created for academic semiconductor SCM simulation,10
2023-10-18,Microcontroller,Rest of World,Automotive,Supplier_B,Sea,5457,6012,5.18,28267.26,2643,1364,3547,26,10,32,659.98,Supplier Delay,4,5457,0,100.0,90.2,High,Red,1.214,0,1,Synthetic dataset created for academic semiconductor SCM simulation,10
2023-10-19,Analog IC,Asia-Pacific,Telecom,Supplier_E,Air,5528,5628,3.84,21227.52,3786,1382,3593,39,1,2,2263.28,Unknown,0,5528,0,100.0,26.3,Low,Green,1.044,0,1,Synthetic dataset created for academic semiconductor SCM simulation,10
2023-10-20,Logic IC,Rest of World,Consumer Electronics,Supplier_A,Road,8027,7919,11.92,95681.84,4921,2006,5217,20,1,5,1534.1,Unknown,0,8027,0,100.0,3.5,Low,Green,1.007,0,1,Synthetic dataset created for academic semiconductor SCM simulation,10
2023-10-21,Microcontroller,India,Consumer Electronics,Supplier_A,Multimodal,5311,5758,7.93,42116.23,5870,1327,3452,15,0,11,1497.19,Unknown,0,5311,0,100.0,0.0,Low,Green,1.195,0,0,Synthetic dataset created for academic semiconductor SCM simulation,10
2023-10-22,Sensor IC,Rest of World,Telecom,Supplier_E,Road,4729,4874,6.82,32251.78,4393,1182,3073,26,0,12,972.08,Unknown,0,4729,0,100.0,7.2,Low,Green,1.023,0,0,Synthetic dataset created for academic semiconductor SCM simulation,10
2023-10-23,Sensor IC,Europe,Telecom,Supplier_A,Air,4606,4538,10.66,49099.96,4497,1151,2993,23,0,4,1804.51,Unknown,0,4606,0,100.0,3.6,Low,Green,1.09,0,0,Synthetic dataset created for academic semiconductor SCM simulation,10
2023-10-24,Logic IC,India,Telecom,Supplier_A,Road,6221,6428,4.56,28367.76,8354,1555,4043,29,0,6,1179.17,Unknown,0,6221,0,100.0,10.8,Low,Green,1.129,0,0,Synthetic dataset created for academic semiconductor SCM simulation,10
2023-10-25,Memory Chip,North America,Telecom,Supplier_E,Multimodal,7997,8031,6.19,49501.43,6937,1999,5198,22,2,23,2020.82,Logistics Delay,3,7997,0,100.0,42.2,Medium,Orange,1.161,0,1,Synthetic dataset created for academic semiconductor SCM simulation,10
2023-10-26,Sensor IC,North America,Consumer Electronics,Supplier_D,Road,5494,5994,8.67,47632.98,5619,1373,3571,35,0,11,1165.15,Unknown,0,5494,0,100.0,18.0,Low,Green,1.205,0,0,Synthetic dataset created for academic semiconductor SCM simulation,10
2023-10-27,Memory Chip,Rest of World,Computing,Supplier_E,Air,7095,8471,9.08,64422.6,1905,1773,4611,35,3,2,3690.64,Inventory Shortage,3,7095,0,100.0,52.5,Medium,Orange,1.275,0,1,Synthetic dataset created for academic semiconductor SCM simulation,10
2023-10-28,Analog IC,North America,Industrial,Supplier_B,Road,5393,5151,7.78,41957.54,4666,1348,3505,26,0,8,932.75,Unknown,0,5393,0,100.0,7.2,Low,Green,1.061,0,0,Synthetic dataset created for academic semiconductor SCM simulation,10
2023-10-29,Logic IC,Europe,Consumer Electronics,Supplier_B,Multimodal,10477,14920,2.84,29754.68,11560,2619,6810,25,3,17,3739.22,Demand Spike,4,10477,0,100.0,52.5,Medium,Orange,1.457,1,1,Synthetic dataset created for academic semiconductor SCM simulation,10
2023-10-30,Sensor IC,Asia-Pacific,Industrial,Supplier_D,Multimodal,4922,4779,3.11,15307.42,2843,1230,3199,28,2,16,1258.17,Unknown,0,4922,0,100.0,19.8,Low,Green,0.981,0,1,Synthetic dataset created for academic semiconductor SCM simulation,10
2023-10-31,Sensor IC,North America,Industrial,Supplier_A,Road,5002,5391,8.61,43067.22,4926,1250,3251,22,0,20,1096.47,Logistics Delay,4,5002,0,100.0,40.8,Medium,Orange,1.229,0,1,Synthetic dataset created for academic semiconductor SCM simulation,10
2023-11-01,Memory Chip,Rest of World,Industrial,Supplier_A,Sea,8763,8865,5.4,47320.2,10293,2190,5695,34,0,41,922.82,Logistics Delay,5,8763,0,100.0,80.0,High,Red,0.994,0,1,Synthetic dataset created for academic semiconductor SCM simulation,11
2023-11-02,Logic IC,Europe,Telecom,Supplier_C,Sea,8200,8604,4.82,39524.0,10866,2050,5330,35,0,30,1107.34,Unknown,0,8200,0,100.0,32.4,Low,Green,1.166,0,0,Synthetic dataset created for academic semiconductor SCM simulation,11
2023-11-03,Logic IC,Rest of World,Industrial,Supplier_E,Road,7694,8520,8.91,68553.54,4891,1923,5001,33,0,6,1566.1,Unknown,0,7694,0,100.0,15.6,Low,Green,1.094,0,0,Synthetic dataset created for academic semiconductor SCM simulation,11
2023-11-04,Logic IC,Asia-Pacific,Consumer Electronics,Supplier_C,Multimodal,5641,6220,9.88,55733.08,7420,1410,3666,23,0,23,1465.1,Logistics Delay,5,5641,0,100.0,52.4,Medium,Orange,1.281,0,1,Synthetic dataset created for academic semiconductor SCM simulation,11
2023-11-05,Logic IC,Asia-Pacific,Automotive,Supplier_D,Sea,8097,8789,4.02,32549.94,5665,2024,5263,40,0,23,947.19,Unknown,0,8097,0,100.0,32.8,Low,Green,1.233,0,0,Synthetic dataset created for academic semiconductor SCM simulation,11
2023-11-06,Analog IC,Asia-Pacific,Consumer Electronics,Supplier_E,Road,7105,7451,6.64,47177.2,6241,1776,4618,37,0,12,1461.8,Unknown,0,7105,0,100.0,20.4,Low,Green,1.022,0,0,Synthetic dataset created for academic semiconductor SCM simulation,11
2023-11-07,Logic IC,North America,Computing,Supplier_D,Road,7838,8221,11.14,87315.32,7769,1959,5094,22,2,5,1759.38,Unknown,0,7838,0,100.0,9.4,Low,Green,1.126,0,1,Synthetic dataset created for academic semiconductor SCM simulation,11
2023-11-08,Memory Chip,Europe,Computing,Supplier_D,Road,9995,10074,9.66,96551.7,9081,2498,6496,32,0,21,2235.64,Logistics Delay,2,9995,0,100.0,37.6,Medium,Orange,1.082,0,1,Synthetic dataset created for academic semiconductor SCM simulation,11
2023-11-09,Memory Chip,Asia-Pacific,Telecom,Supplier_C,Air,8840,11027,11.25,99450.0,3134,2210,5746,18,1,3,4592.51,Inventory Shortage,4,8840,0,100.0,35.5,Medium,Orange,1.399,0,1,Synthetic dataset created for academic semiconductor SCM simulation,11
2023-11-10,Logic IC,North America,Computing,Supplier_B,Road,11962,15086,12.4,148328.8,14600,2990,7775,32,0,8,2985.56,Demand Spike,2,11962,0,100.0,30.4,Low,Green,1.294,1,0,Synthetic dataset created for academic semiconductor SCM simulation,11
2023-11-11,Memory Chip,Europe,Industrial,Supplier_C,Road,10675,10913,6.53,69707.75,6148,2668,6938,25,0,11,2267.83,Unknown,0,10675,0,100.0,6.0,Low,Green,1.088,0,0,Synthetic dataset created for academic semiconductor SCM simulation,11
2023-11-12,Power IC,Asia-Pacific,Consumer Electronics,Supplier_B,Road,4415,4787,4.47,19735.05,2952,1103,2869,29,1,12,847.73,Unknown,0,4415,0,100.0,14.3,Low,Green,1.118,0,1,Synthetic dataset created for academic semiconductor SCM simulation,11
2023-11-13,Sensor IC,Rest of World,Telecom,Supplier_A,Multimodal,6199,6152,10.68,66205.32,5790,1549,4029,30,15,20,1480.63,Supplier Delay,4,6199,0,100.0,100.0,High,Red,1.051,0,1,Synthetic dataset created for academic semiconductor SCM simulation,11
2023-11-14,Power IC,Asia-Pacific,Telecom,Supplier_B,Air,4137,4036,2.98,12328.26,3896,1034,2689,21,0,6,1692.33,Unknown,0,4137,0,100.0,1.2,Low,Green,1.088,0,0,Synthetic dataset created for academic semiconductor SCM simulation,11
2023-11-15,Logic IC,Rest of World,Industrial,Supplier_A,Sea,13569,18097,12.15,164863.35,11733,3392,8819,23,3,24,2071.29,Demand Spike,1,13569,0,100.0,31.7,Low,Green,1.378,1,1,Synthetic dataset created for academic semiconductor SCM simulation,11
2023-11-16,Analog IC,Europe,Industrial,Supplier_E,Air,7320,7957,9.98,73053.6,3505,1830,4758,30,3,6,3446.08,Unknown,0,7320,0,100.0,22.5,Low,Green,1.17,0,1,Synthetic dataset created for academic semiconductor SCM simulation,11
2023-11-17,Power IC,Rest of World,Telecom,Supplier_C,Road,5175,5413,9.98,51646.5,3217,1293,3363,15,8,12,1126.23,Supplier Delay,1,5175,0,100.0,36.0,Medium,Orange,1.013,0,1,Synthetic dataset created for academic semiconductor SCM simulation,11
2023-11-18,Analog IC,India,Industrial,Supplier_D,Multimodal,8559,8611,3.82,32695.38,8655,2139,5563,34,0,19,2042.14,Unknown,0,8559,0,100.0,22.4,Low,Green,1.054,0,0,Synthetic dataset created for academic semiconductor SCM simulation,11
2023-11-19,Microcontroller,North America,Industrial,Supplier_D,Sea,4588,4532,8.31,38126.28,2915,1147,2982,28,0,29,564.27,Unknown,0,4588,0,100.0,23.2,Low,Green,0.983,0,0,Synthetic dataset created for academic semiconductor SCM simulation,11
2023-11-20,Microcontroller,Rest of World,Computing,Supplier_A,Sea,4334,4349,4.09,17726.06,2797,1083,2817,18,0,31,564.93,Unknown,0,4334,0,100.0,15.2,Low,Green,1.042,0,0,Synthetic dataset created for academic semiconductor SCM simulation,11
2023-11-21,Memory Chip,India,Automotive,Supplier_D,Air,8468,9115,10.34,87559.12,10018,2117,5504,26,0,5,3882.48,Unknown,0,8468,0,100.0,7.2,Low,Green,1.048,0,0,Synthetic dataset created for academic semiconductor SCM simulation,11
2023-11-22,Memory Chip,Rest of World,Computing,Supplier_E,Air,9543,12532,6.77,64606.11,1743,2385,6202,20,1,4,4913.94,Inventory Shortage,5,9543,0,100.0,43.5,Medium,Orange,1.511,0,1,Synthetic dataset created for academic semiconductor SCM simulation,11
2023-11-23,Sensor IC,Asia-Pacific,Industrial,Supplier_C,Road,9166,11141,8.11,74336.26,11527,2291,5957,32,0,5,2368.45,Demand Spike,4,9166,0,100.0,46.4,Medium,Orange,1.168,1,0,Synthetic dataset created for academic semiconductor SCM simulation,11
2023-11-24,Memory Chip,North America,Computing,Supplier_A,Sea,8556,8184,8.76,74950.56,5194,2139,5561,18,2,29,923.44,Unknown,0,8556,0,100.0,20.6,Low,Green,1.033,0,1,Synthetic dataset created for academic semiconductor SCM simulation,11
2023-11-25,Memory Chip,North America,Industrial,Supplier_A,Sea,9088,8948,6.64,60344.32,4322,2272,5907,23,3,28,893.48,Unknown,0,9088,0,100.0,26.9,Low,Green,1.051,0,1,Synthetic dataset created for academic semiconductor SCM simulation,11
2023-11-26,Analog IC,North America,Telecom,Supplier_A,Multimodal,6716,6494,5.49,36870.84,8197,1679,4365,19,0,17,1862.5,Unknown,0,6716,0,100.0,4.0,Low,Green,1.048,0,0,Synthetic dataset created for academic semiconductor SCM simulation,11
2023-11-27,Memory Chip,Rest of World,Automotive,Supplier_C,Multimodal,7408,8174,3.61,26742.88,9013,1852,4815,33,0,17,2206.23,Unknown,0,7408,0,100.0,19.6,Low,Green,1.102,0,0,Synthetic dataset created for academic semiconductor SCM simulation,11
2023-11-28,Memory Chip,Rest of World,Consumer Electronics,Supplier_B,Sea,8187,9012,3.36,27508.32,8608,2046,5321,19,11,27,1181.84,Supplier Delay,3,8187,0,100.0,74.5,High,Red,1.189,0,1,Synthetic dataset created for academic semiconductor SCM simulation,11
2023-11-29,Logic IC,Europe,Consumer Electronics,Supplier_C,Multimodal,6368,6206,9.83,62597.44,6502,1592,4139,13,1,12,1346.9,Unknown,0,6368,0,100.0,3.5,Low,Green,1.129,0,1,Synthetic dataset created for academic semiconductor SCM simulation,11
2023-11-30,Memory Chip,North America,Telecom,Supplier_C,Air,8033,8489,11.19,89889.27,9000,2008,5221,30,0,3,3679.33,Unknown,0,8033,0,100.0,12.0,Low,Green,1.177,0,0,Synthetic dataset created for academic semiconductor SCM simulation,11
2023-12-01,Logic IC,Europe,Industrial,Supplier_B,Road,7893,8668,10.21,80587.53,6581,1973,5130,26,0,9,1868.57,Unknown,0,7893,0,100.0,7.2,Low,Green,1.05,0,0,Synthetic dataset created for academic semiconductor SCM simulation,12
2023-12-02,Logic IC,North America,Automotive,Supplier_B,Multimodal,8649,9500,5.32,46012.68,10430,2162,5621,25,5,18,2185.3,Supplier Delay,2,8649,0,100.0,44.3,Medium,Orange,1.104,0,1,Synthetic dataset created for academic semiconductor SCM simulation,12
2023-12-03,Microcontroller,North America,Industrial,Supplier_E,Sea,6366,6621,2.35,14960.1,3813,1591,4137,33,0,23,677.36,Unknown,0,6366,0,100.0,24.4,Low,Green,1.153,0,0,Synthetic dataset created for academic semiconductor SCM simulation,12
2023-12-04,Logic IC,North America,Consumer Electronics,Supplier_E,Multimodal,8921,11424,12.31,109817.51,2294,2230,5798,32,0,14,3050.21,Inventory Shortage,4,8921,0,100.0,48.0,Medium,Orange,1.451,0,0,Synthetic dataset created for academic semiconductor SCM simulation,12
2023-12-05,Logic IC,Asia-Pacific,Automotive,Supplier_D,Sea,7777,8475,10.13,78781.01,3993,1944,5055,24,1,30,1072.37,Unknown,0,7777,0,100.0,22.7,Low,Green,1.298,0,1,Synthetic dataset created for academic semiconductor SCM simulation,12
2023-12-06,Power IC,North America,Telecom,Supplier_A,Sea,5139,5168,7.11,36538.29,6115,1284,3340,28,0,33,586.38,Unknown,0,5139,0,100.0,26.4,Low,Green,1.091,0,0,Synthetic dataset created for academic semiconductor SCM simulation,12
2023-12-07,Logic IC,India,Consumer Electronics,Supplier_A,Road,8953,9085,11.46,102601.38,4859,2238,5819,15,0,20,1669.86,Logistics Delay,1,8953,0,100.0,14.4,Low,Green,1.217,0,1,Synthetic dataset created for academic semiconductor SCM simulation,12
2023-12-08,Logic IC,Rest of World,Industrial,Supplier_B,Multimodal,9763,10333,11.18,109150.34,6601,2440,6345,20,2,16,2728.14,Unknown,0,9763,0,100.0,10.2,Low,Green,1.1,0,1,Synthetic dataset created for academic semiconductor SCM simulation,12
2023-12-09,Microcontroller,Asia-Pacific,Telecom,Supplier_B,Multimodal,4959,5076,4.42,21918.78,4866,1239,3223,34,0,10,1316.31,Unknown,0,4959,0,100.0,16.8,Low,Green,1.175,0,0,Synthetic dataset created for academic semiconductor SCM simulation,12
2023-12-10,Microcontroller,Rest of World,Automotive,Supplier_A,Sea,5963,6491,8.72,51997.36,5000,1490,3875,13,0,46,802.06,Logistics Delay,4,5963,0,100.0,59.2,Medium,Orange,1.281,0,1,Synthetic dataset created for academic semiconductor SCM simulation,12
2023-12-11,Memory Chip,Rest of World,Consumer Electronics,Supplier_A,Road,11501,12726,11.02,126741.02,7749,2875,7475,35,0,10,2882.36,Unknown,0,11501,0,100.0,18.0,Low,Green,1.175,0,0,Synthetic dataset created for academic semiconductor SCM simulation,12
2023-12-12,Microcontroller,Europe,Telecom,Supplier_C,Sea,7092,7125,5.71,40495.32,6626,1773,4609,23,1,33,788.09,Unknown,0,7092,0,100.0,23.9,Low,Green,1.157,0,1,Synthetic dataset created for academic semiconductor SCM simulation,12
2023-12-13,Memory Chip,Europe,Industrial,Supplier_A,Air,12131,12806,9.23,111969.13,15238,3032,7885,24,9,4,6141.03,Supplier Delay,3,12131,0,100.0,60.3,Medium,Orange,1.202,0,1,Synthetic dataset created for academic semiconductor SCM simulation,12
2023-12-14,Memory Chip,Europe,Automotive,Supplier_A,Sea,7804,7806,8.36,65241.44,7711,1951,5072,17,15,20,796.12,Supplier Delay,5,7804,0,100.0,98.9,High,Red,1.17,0,1,Synthetic dataset created for academic semiconductor SCM simulation,12
2023-12-15,Sensor IC,Europe,Consumer Electronics,Supplier_C,Road,5386,5960,2.73,14703.78,2621,1346,3500,35,1,10,1169.5,Unknown,0,5386,0,100.0,21.5,Low,Green,1.203,0,1,Synthetic dataset created for academic semiconductor SCM simulation,12
2023-12-16,Analog IC,Europe,Automotive,Supplier_D,Sea,8565,8465,8.48,72631.2,8103,2141,5567,21,0,18,953.83,Unknown,0,8565,0,100.0,6.0,Low,Green,1.079,0,0,Synthetic dataset created for academic semiconductor SCM simulation,12
2023-12-17,Sensor IC,North America,Computing,Supplier_E,Multimodal,4348,4682,8.16,35479.68,3353,1087,2826,31,11,13,1119.24,Supplier Delay,4,4348,0,100.0,84.5,High,Red,1.281,0,1,Synthetic dataset created for academic semiconductor SCM simulation,12
2023-12-18,Memory Chip,Europe,Consumer Electronics,Supplier_E,Sea,12359,14421,11.29,139533.11,5054,3089,8033,26,0,25,1700.96,Inventory Shortage,4,12359,0,100.0,49.6,Medium,Orange,1.254,0,0,Synthetic dataset created for academic semiconductor SCM simulation,12
2023-12-19,Sensor IC,Asia-Pacific,Consumer Electronics,Supplier_A,Multimodal,7139,6851,4.93,35195.27,8972,1784,4640,34,0,19,1604.13,Unknown,0,7139,0,100.0,22.4,Low,Green,0.918,0,0,Synthetic dataset created for academic semiconductor SCM simulation,12
2023-12-20,Logic IC,India,Telecom,Supplier_B,Multimodal,8687,9248,5.57,48386.59,9235,2171,5646,30,1,22,2356.87,Unknown,0,8687,0,100.0,23.5,Low,Green,1.095,0,1,Synthetic dataset created for academic semiconductor SCM simulation,12
2023-12-21,Microcontroller,Rest of World,Automotive,Supplier_C,Air,10791,13984,8.86,95608.26,11932,2697,7014,19,4,3,6922.53,Demand Spike,1,10791,0,100.0,22.0,Low,Green,1.339,1,1,Synthetic dataset created for academic semiconductor SCM simulation,12
2023-12-22,Microcontroller,India,Computing,Supplier_D,Multimodal,6084,5878,5.27,32062.68,4660,1521,3954,39,2,24,1354.55,Logistics Delay,2,6084,0,100.0,55.4,Medium,Orange,1.074,0,1,Synthetic dataset created for academic semiconductor SCM simulation,12
2023-12-23,Microcontroller,Europe,Telecom,Supplier_A,Road,7387,7778,11.23,82956.01,5497,1846,4801,13,0,5,1335.61,Unknown,0,7387,0,100.0,0.0,Low,Green,1.081,0,0,Synthetic dataset created for academic semiconductor SCM simulation,12
2023-12-24,Logic IC,Rest of World,Industrial,Supplier_A,Sea,8988,8872,5.73,51501.24,11160,2247,5842,33,3,29,1085.14,Unknown,0,8988,0,100.0,39.7,Medium,Orange,0.982,0,1,Synthetic dataset created for academic semiconductor SCM simulation,12
2023-12-25,Memory Chip,India,Automotive,Supplier_E,Air,11720,14810,5.41,63405.2,4768,2930,7618,30,0,6,5958.63,Inventory Shortage,1,11720,0,100.0,20.0,Low,Green,1.307,0,0,Synthetic dataset created for academic semiconductor SCM simulation,12
2023-12-26,Sensor IC,Rest of World,Telecom,Supplier_D,Air,6070,5912,10.44,63370.8,7701,1517,3945,30,1,2,2838.79,Unknown,0,6070,0,100.0,15.5,Low,Green,1.098,0,1,Synthetic dataset created for academic semiconductor SCM simulation,12
2023-12-27,Logic IC,Asia-Pacific,Computing,Supplier_A,Road,8136,8524,7.69,62565.84,5806,2034,5288,24,1,21,1828.58,Logistics Delay,5,8136,0,100.0,55.5,Medium,Orange,1.159,0,1,Synthetic dataset created for academic semiconductor SCM simulation,12
2023-12-28,Sensor IC,India,Telecom,Supplier_A,Multimodal,6553,6904,4.55,29816.15,4760,1638,4259,21,1,13,1961.9,Unknown,0,6553,0,100.0,5.5,Low,Green,1.156,0,1,Synthetic dataset created for academic semiconductor SCM simulation,12
2023-12-29,Logic IC,Rest of World,Consumer Electronics,Supplier_C,Air,8538,8179,5.28,45080.64,10367,2134,5549,18,0,6,3615.57,Unknown,0,8538,0,100.0,0.0,Low,Green,1.032,0,0,Synthetic dataset created for academic semiconductor SCM simulation,12
2023-12-30,Analog IC,Asia-Pacific,Consumer Electronics,Supplier_A,Multimodal,9109,9759,6.95,63307.55,6480,2277,5920,30,3,21,2189.68,Supplier Delay,1,9109,0,100.0,37.7,Medium,Orange,1.26,0,1,Synthetic dataset created for academic semiconductor SCM simulation,12
2023-12-31,Analog IC,Europe,Consumer Electronics,Supplier_D,Sea,6767,7392,2.45,16579.15,7024,1691,4398,22,0,31,961.17,Unknown,0,6767,0,100.0,17.6,Low,Green,1.287,0,0,Synthetic dataset created for academic semiconductor SCM simulation,12
2024-01-01,Sensor IC,Asia-Pacific,Telecom,Supplier_D,Multimodal,8334,9823,2.18,18168.12,9684,2083,5417,29,0,11,2234.17,Demand Spike,4,8334,0,100.0,42.8,Medium,Orange,1.139,1,0,Synthetic dataset created for academic semiconductor SCM simulation,1
2024-01-02,Logic IC,Europe,Consumer Electronics,Supplier_C,Multimodal,11587,11571,11.08,128383.96,10407,2896,7531,20,0,11,2961.5,Unknown,0,11587,0,100.0,0.0,Low,Green,0.98,0,0,Synthetic dataset created for academic semiconductor SCM simulation,1
2024-01-03,Microcontroller,India,Telecom,Supplier_A,Air,7618,8224,9.56,72828.08,3709,1904,4951,19,0,4,3727.3,Unknown,0,7618,0,100.0,0.0,Low,Green,1.278,0,0,Synthetic dataset created for academic semiconductor SCM simulation,1
2024-01-04,Memory Chip,North America,Industrial,Supplier_A,Air,13590,17132,4.13,56126.7,3578,3397,8833,26,0,2,8519.73,Inventory Shortage,3,13590,0,100.0,31.2,Low,Green,1.395,0,0,Synthetic dataset created for academic semiconductor SCM simulation,1
2024-01-05,Power IC,India,Automotive,Supplier_D,Air,6048,5911,6.35,38404.8,6662,1512,3931,24,0,2,2770.96,Unknown,0,6048,0,100.0,4.8,Low,Green,1.007,0,0,Synthetic dataset created for academic semiconductor SCM simulation,1
2024-01-06,Microcontroller,North America,Automotive,Supplier_B,Air,6396,6688,9.63,61593.48,8121,1599,4157,30,0,3,3074.85,Unknown,0,6396,0,100.0,12.0,Low,Green,1.238,0,0,Synthetic dataset created for academic semiconductor SCM simulation,1
2024-01-07,Analog IC,India,Industrial,Supplier_E,Multimodal,6500,6451,11.8,76700.0,6651,1625,4225,37,18,13,1460.49,Supplier Delay,5,6500,0,100.0,100.0,High,Red,0.986,0,1,Synthetic dataset created for academic semiconductor SCM simulation,1
2024-01-08,Sensor IC,Europe,Consumer Electronics,Supplier_C,Air,7207,7214,2.18,15711.26,5532,1801,4684,25,1,6,3490.54,Unknown,0,7207,0,100.0,9.5,Low,Green,1.187,0,1,Synthetic dataset created for academic semiconductor SCM simulation,1
2024-01-09,Sensor IC,India,Telecom,Supplier_D,Multimodal,7657,8140,3.0,22971.0,8710,1914,4977,31,0,17,2079.53,Unknown,0,7657,0,100.0,17.2,Low,Green,1.118,0,0,Synthetic dataset created for academic semiconductor SCM simulation,1
2024-01-10,Analog IC,Europe,Consumer Electronics,Supplier_D,Sea,7708,8033,6.52,50256.16,7058,1927,5010,36,0,28,897.14,Unknown,0,7708,0,100.0,32.0,Low,Green,1.037,0,0,Synthetic dataset created for academic semiconductor SCM simulation,1
2024-01-11,Sensor IC,Asia-Pacific,Consumer Electronics,Supplier_D,Sea,6595,6439,5.42,35744.9,4844,1648,4286,21,0,25,835.34,Unknown,0,6595,0,100.0,11.6,Low,Green,1.155,0,0,Synthetic dataset created for academic semiconductor SCM simulation,1
2024-01-12,Logic IC,Rest of World,Automotive,Supplier_A,Air,11086,10548,11.15,123608.9,14546,2771,7205,13,0,2,4975.4,Unknown,0,11086,0,100.0,0.0,Low,Green,0.977,0,0,Synthetic dataset created for academic semiconductor SCM simulation,1
2024-01-13,Microcontroller,Europe,Computing,Supplier_C,Multimodal,6043,5845,7.24,43751.32,6138,1510,3927,16,0,12,1498.89,Unknown,0,6043,0,100.0,0.0,Low,Green,1.088,0,0,Synthetic dataset created for academic semiconductor SCM simulation,1
2024-01-14,Power IC,North America,Automotive,Supplier_B,Multimodal,5724,5476,9.18,52546.32,3512,1431,3720,27,0,17,1413.42,Unknown,0,5724,0,100.0,12.4,Low,Green,1.123,0,0,Synthetic dataset created for academic semiconductor SCM simulation,1
2024-01-15,Sensor IC,Rest of World,Industrial,Supplier_C,Air,7033,7040,5.34,37556.22,8143,1758,4571,16,0,3,3364.35,Unknown,0,7033,0,100.0,0.0,Low,Green,1.04,0,0,Synthetic dataset created for academic semiconductor SCM simulation,1
2024-01-16,Sensor IC,Asia-Pacific,Computing,Supplier_E,Multimodal,6600,8224,4.32,28512.0,2245,1650,4290,30,0,21,1957.95,Inventory Shortage,3,6600,0,100.0,43.2,Medium,Orange,1.196,0,0,Synthetic dataset created for academic semiconductor SCM simulation,1
2024-01-17,Analog IC,India,Automotive,Supplier_C,Air,9861,9400,5.81,57292.41,7692,2465,6409,27,15,5,3997.52,Supplier Delay,5,9861,0,100.0,100.0,High,Red,1.028,0,1,Synthetic dataset created for academic semiconductor SCM simulation,1
2024-01-18,Sensor IC,India,Industrial,Supplier_B,Road,8459,8313,4.33,36627.47,9944,2114,5498,14,17,6,1805.69,Supplier Delay,5,8459,0,100.0,99.5,High,Red,0.96,0,1,Synthetic dataset created for academic semiconductor SCM simulation,1
2024-01-19,Microcontroller,North America,Industrial,Supplier_A,Sea,6837,6582,8.77,59960.49,8438,1709,4444,35,1,20,787.62,Unknown,0,6837,0,100.0,27.9,Low,Green,1.025,0,1,Synthetic dataset created for academic semiconductor SCM simulation,1
2024-01-20,Power IC,Asia-Pacific,Computing,Supplier_A,Air,5357,5925,9.58,51320.06,3424,1339,3482,17,5,2,2751.49,Supplier Delay,2,5357,0,100.0,33.5,Low,Green,1.249,0,1,Synthetic dataset created for academic semiconductor SCM simulation,1
2024-01-21,Sensor IC,Europe,Computing,Supplier_B,Multimodal,7340,7854,6.02,44186.8,4464,1835,4771,35,0,18,1700.03,Unknown,0,7340,0,100.0,22.8,Low,Green,1.069,0,0,Synthetic dataset created for academic semiconductor SCM simulation,1
2024-01-22,Memory Chip,Rest of World,Computing,Supplier_B,Air,9235,9068,11.53,106479.55,5969,2308,6002,19,8,5,4159.63,Supplier Delay,1,9235,0,100.0,36.0,Medium,Orange,0.994,0,1,Synthetic dataset created for academic semiconductor SCM simulation,1
2024-01-23,Power IC,North America,Computing,Supplier_A,Road,5498,5684,9.37,51516.26,5811,1374,3573,13,0,12,1288.55,Unknown,0,5498,0,100.0,0.0,Low,Green,1.064,0,0,Synthetic dataset created for academic semiconductor SCM simulation,1
2024-01-24,Power IC,Rest of World,Automotive,Supplier_E,Road,5967,6125,8.01,47795.67,3707,1491,3878,31,18,10,1396.18,Supplier Delay,3,5967,0,100.0,100.0,High,Red,1.126,0,1,Synthetic dataset created for academic semiconductor SCM simulation,1
2024-01-25,Microcontroller,Europe,Telecom,Supplier_D,Multimodal,6722,8849,6.2,41676.4,2782,1680,4369,23,1,22,2113.18,Inventory Shortage,4,6722,0,100.0,47.1,Medium,Orange,1.382,0,1,Synthetic dataset created for academic semiconductor SCM simulation,1
2024-01-26,Microcontroller,India,Consumer Electronics,Supplier_B,Sea,8863,8444,6.39,56634.57,11607,2215,5760,20,0,33,920.53,Unknown,0,8863,0,100.0,16.8,Low,Green,1.036,0,0,Synthetic dataset created for academic semiconductor SCM simulation,1
2024-01-27,Memory Chip,North America,Telecom,Supplier_E,Multimodal,8199,9139,2.86,23449.14,7336,2049,5329,17,3,13,2315.37,Unknown,0,8199,0,100.0,11.3,Low,Green,1.119,0,1,Synthetic dataset created for academic semiconductor SCM simulation,1
2024-01-28,Sensor IC,Asia-Pacific,Industrial,Supplier_B,Road,7638,7813,2.9,22150.2,6692,1909,4964,16,12,7,1587.79,Supplier Delay,5,7638,0,100.0,82.0,High,Red,0.976,0,1,Synthetic dataset created for academic semiconductor SCM simulation,1
2024-01-29,Power IC,India,Consumer Electronics,Supplier_B,Road,5029,5450,6.42,32286.18,6388,1257,3268,30,1,24,1109.73,Logistics Delay,4,5029,0,100.0,57.1,Medium,Orange,1.221,0,1,Synthetic dataset created for academic semiconductor SCM simulation,1
2024-01-30,Logic IC,North America,Consumer Electronics,Supplier_D,Multimodal,7041,7300,3.1,21827.1,6016,1760,4576,22,0,34,1716.61,Logistics Delay,3,7041,0,100.0,44.0,Medium,Orange,1.186,0,1,Synthetic dataset created for academic semiconductor SCM simulation,1
2024-01-31,Power IC,North America,Industrial,Supplier_A,Multimodal,5609,6115,5.8,32532.2,3533,1402,3645,16,1,19,1709.7,Unknown,0,5609,0,100.0,9.1,Low,Green,1.257,0,1,Synthetic dataset created for academic semiconductor SCM simulation,1
2024-02-01,Memory Chip,Rest of World,Computing,Supplier_A,Road,13870,14410,7.75,107492.5,9937,3467,9015,19,15,9,2631.87,Supplier Delay,2,13870,0,100.0,68.5,High,Red,0.994,0,1,Synthetic dataset created for academic semiconductor SCM simulation,2
2024-02-02,Analog IC,India,Automotive,Supplier_C,Multimodal,9087,9222,3.57,32440.59,9049,2271,5906,26,1,14,2123.28,Unknown,0,9087,0,100.0,12.3,Low,Green,1.036,0,1,Synthetic dataset created for academic semiconductor SCM simulation,2
2024-02-03,Logic IC,North America,Industrial,Supplier_A,Air,6198,6232,7.11,44067.78,4595,1549,4028,16,0,5,2696.69,Unknown,0,6198,0,100.0,0.0,Low,Green,1.0,0,0,Synthetic dataset created for academic semiconductor SCM simulation,2
2024-02-04,Logic IC,Asia-Pacific,Industrial,Supplier_C,Air,10187,10537,11.83,120512.21,11503,2546,6621,16,7,2,4295.0,Supplier Delay,2,10187,0,100.0,40.5,Medium,Orange,1.234,0,1,Synthetic dataset created for academic semiconductor SCM simulation,2
2024-02-05,Power IC,Asia-Pacific,Telecom,Supplier_C,Air,5773,6019,6.16,35561.68,3196,1443,3752,32,1,3,2615.32,Unknown,0,5773,0,100.0,17.9,Low,Green,1.228,0,1,Synthetic dataset created for academic semiconductor SCM simulation,2
2024-02-06,Power IC,North America,Consumer Electronics,Supplier_A,Air,7233,6923,3.56,25749.48,7384,1808,4701,19,3,3,2954.93,Unknown,0,7233,0,100.0,10.5,Low,Green,1.004,0,1,Synthetic dataset created for academic semiconductor SCM simulation,2
2024-02-07,Logic IC,Europe,Telecom,Supplier_A,Multimodal,10636,10176,8.29,88172.44,13225,2659,6913,18,0,21,2257.09,Unknown,0,10636,0,100.0,7.2,Low,Green,1.031,0,0,Synthetic dataset created for academic semiconductor SCM simulation,2
2024-02-08,Memory Chip,India,Consumer Electronics,Supplier_B,Air,13907,14526,7.82,108752.74,9516,3476,9039,17,2,6,6089.43,Unknown,0,13907,0,100.0,7.0,Low,Green,1.023,0,1,Synthetic dataset created for academic semiconductor SCM simulation,2
2024-02-09,Power IC,India,Automotive,Supplier_D,Multimodal,5343,5178,4.99,26661.57,6667,1335,3472,22,3,21,1369.8,Unknown,0,5343,0,100.0,20.1,Low,Green,1.119,0,1,Synthetic dataset created for academic semiconductor SCM simulation,2
2024-02-10,Power IC,India,Automotive,Supplier_B,Road,5975,6518,9.01,53834.75,3577,1493,3883,18,0,12,1338.17,Unknown,0,5975,0,100.0,0.0,Low,Green,1.17,0,0,Synthetic dataset created for academic semiconductor SCM simulation,2
2024-02-11,Logic IC,Rest of World,Industrial,Supplier_B,Air,10163,11182,11.05,112301.15,11238,2540,6605,31,0,2,4853.86,Unknown,0,10163,0,100.0,13.2,Low,Green,1.31,0,0,Synthetic dataset created for academic semiconductor SCM simulation,2
2024-02-12,Microcontroller,Asia-Pacific,Industrial,Supplier_B,Sea,9468,9445,8.11,76785.48,12204,2367,6154,21,1,27,1077.47,Unknown,0,9468,0,100.0,16.7,Low,Green,1.193,0,1,Synthetic dataset created for academic semiconductor SCM simulation,2
2024-02-13,Memory Chip,Asia-Pacific,Automotive,Supplier_D,Sea,11469,11063,4.78,54821.82,6743,2867,7454,37,0,18,1362.27,Unknown,0,11469,0,100.0,25.2,Low,Green,0.932,0,0,Synthetic dataset created for academic semiconductor SCM simulation,2
2024-02-14,Analog IC,India,Automotive,Supplier_A,Multimodal,7541,7180,10.97,82724.77,3559,1885,4901,33,0,13,1965.45,Unknown,0,7541,0,100.0,16.4,Low,Green,0.969,0,0,Synthetic dataset created for academic semiconductor SCM simulation,2
2024-02-15,Memory Chip,North America,Telecom,Supplier_A,Air,12560,13125,9.93,124720.8,14929,3140,8164,19,1,15,5568.67,Logistics Delay,4,12560,0,100.0,37.9,Medium,Orange,1.135,0,1,Synthetic dataset created for academic semiconductor SCM simulation,2
2024-02-16,Power IC,Europe,Computing,Supplier_E,Sea,5514,5782,4.86,26798.04,2910,1378,3584,31,0,35,755.86,Unknown,0,5514,0,100.0,31.6,Low,Green,1.063,0,0,Synthetic dataset created for academic semiconductor SCM simulation,2
2024-02-17,Memory Chip,Europe,Industrial,Supplier_D,Multimodal,20783,26901,13.01,270386.83,24754,5195,13508,22,0,21,6578.3,Demand Spike,2,20783,0,100.0,25.6,Low,Green,1.515,1,0,Synthetic dataset created for academic semiconductor SCM simulation,2
2024-02-18,Logic IC,Rest of World,Automotive,Supplier_E,Air,9114,10118,9.87,89955.18,7163,2278,5924,40,1,5,4890.99,Unknown,0,9114,0,100.0,27.5,Low,Green,1.315,0,1,Synthetic dataset created for academic semiconductor SCM simulation,2
2024-02-19,Logic IC,India,Consumer Electronics,Supplier_E,Road,12166,14579,9.39,114238.74,13083,3041,7907,25,0,12,3254.08,Demand Spike,1,12166,0,100.0,14.0,Low,Green,1.23,1,0,Synthetic dataset created for academic semiconductor SCM simulation,2
2024-02-20,Sensor IC,Europe,Consumer Electronics,Supplier_E,Air,7826,7828,3.66,28643.16,3596,1956,5086,35,0,5,3611.52,Unknown,0,7826,0,100.0,18.0,Low,Green,1.1,0,0,Synthetic dataset created for academic semiconductor SCM simulation,2
2024-02-21,Power IC,India,Industrial,Supplier_B,Road,5821,6113,5.77,33587.17,3959,1455,3783,31,0,12,1167.8,Unknown,0,5821,0,100.0,13.2,Low,Green,1.122,0,0,Synthetic dataset created for academic semiconductor SCM simulation,2
2024-02-22,Sensor IC,Rest of World,Automotive,Supplier_D,Road,8549,9791,9.95,85062.55,3448,2137,5556,31,0,6,1886.25,Inventory Shortage,4,8549,0,100.0,45.2,Medium,Orange,1.222,0,0,Synthetic dataset created for academic semiconductor SCM simulation,2
2024-02-23,Power IC,Europe,Computing,Supplier_D,Sea,5622,5431,7.51,42221.22,4873,1405,3654,38,0,34,627.65,Unknown,0,5622,0,100.0,39.2,Medium,Orange,1.086,0,0,Synthetic dataset created for academic semiconductor SCM simulation,2
2024-02-24,Sensor IC,Rest of World,Automotive,Supplier_C,Air,6966,7628,2.16,15046.56,3170,1741,4527,31,0,13,3350.73,Logistics Delay,3,6966,0,100.0,38.0,Medium,Orange,1.253,0,1,Synthetic dataset created for academic semiconductor SCM simulation,2
2024-02-25,Analog IC,North America,Telecom,Supplier_A,Road,7480,7538,8.83,66048.4,8350,1870,4862,27,0,6,1348.81,Unknown,0,7480,0,100.0,8.4,Low,Green,1.196,0,0,Synthetic dataset created for academic semiconductor SCM simulation,2
2024-02-26,Logic IC,Asia-Pacific,Telecom,Supplier_D,Road,10296,10892,3.22,33153.12,7068,2574,6692,29,11,11,1903.0,Supplier Delay,3,10296,0,100.0,73.3,High,Red,1.256,0,1,Synthetic dataset created for academic semiconductor SCM simulation,2
2024-02-27,Power IC,India,Telecom,Supplier_E,Sea,5240,5085,3.08,16139.2,6936,1310,3406,33,0,43,583.61,Logistics Delay,2,5240,0,100.0,56.4,Medium,Orange,1.081,0,1,Synthetic dataset created for academic semiconductor SCM simulation,2
2024-02-28,Logic IC,India,Automotive,Supplier_E,Air,10029,10723,2.22,22264.38,7251,2507,6518,19,1,2,4770.08,Unknown,0,10029,0,100.0,3.5,Low,Green,1.233,0,1,Synthetic dataset created for academic semiconductor SCM simulation,2
2024-02-29,Power IC,North America,Telecom,Supplier_B,Sea,6376,6576,2.54,16195.04,5815,1594,4144,24,5,22,665.78,Supplier Delay,4,6376,0,100.0,62.3,Medium,Orange,1.234,0,1,Synthetic dataset created for academic semiconductor SCM simulation,2
2024-03-01,Logic IC,North America,Consumer Electronics,Supplier_D,Road,12282,13238,2.55,31319.1,15109,3070,7983,30,0,11,2721.29,Unknown,0,12282,0,100.0,12.0,Low,Green,1.226,0,0,Synthetic dataset created for academic semiconductor SCM simulation,3
2024-03-02,Memory Chip,India,Computing,Supplier_E,Multimodal,11154,11053,7.93,88451.22,12091,2788,7250,35,5,11,2834.45,Supplier Delay,2,11154,0,100.0,51.5,Medium,Orange,1.134,0,1,Synthetic dataset created for academic semiconductor SCM simulation,3
2024-03-03,Analog IC,Asia-Pacific,Industrial,Supplier_C,Multimodal,8521,10301,5.27,44905.67,3392,2130,5538,21,2,16,2786.77,Inventory Shortage,3,8521,0,100.0,35.4,Medium,Orange,1.318,0,1,Synthetic dataset created for academic semiconductor SCM simulation,3
2024-03-04,Analog IC,Rest of World,Computing,Supplier_E,Sea,10324,9967,6.9,71235.6,10169,2581,6710,28,0,26,1274.45,Unknown,0,10324,0,100.0,20.8,Low,Green,0.972,0,0,Synthetic dataset created for academic semiconductor SCM simulation,3
2024-03-05,Power IC,North America,Computing,Supplier_B,Road,6578,7005,4.07,26772.46,5100,1644,4275,31,0,9,1472.21,Unknown,0,6578,0,100.0,13.2,Low,Green,1.156,0,0,Synthetic dataset created for academic semiconductor SCM simulation,3
2024-03-06,Power IC,North America,Telecom,Supplier_E,Sea,6026,6465,4.18,25188.68,5338,1506,3916,22,0,23,692.44,Unknown,0,6026,0,100.0,11.2,Low,Green,1.092,0,0,Synthetic dataset created for academic semiconductor SCM simulation,3
2024-03-07,Logic IC,India,Computing,Supplier_C,Sea,10170,10312,7.88,80139.6,9616,2542,6610,24,0,26,1338.98,Unknown,0,10170,0,100.0,16.0,Low,Green,1.171,0,0,Synthetic dataset created for academic semiconductor SCM simulation,3
2024-03-08,Logic IC,Rest of World,Telecom,Supplier_B,Road,10659,10901,12.41,132278.19,5975,2664,6928,31,0,10,1950.89,Unknown,0,10659,0,100.0,13.2,Low,Green,1.166,0,0,Synthetic dataset created for academic semiconductor SCM simulation,3
2024-03-09,Microcontroller,Asia-Pacific,Automotive,Supplier_C,Air,9427,12599,1.99,18759.73,9488,2356,6127,22,4,4,5128.32,Demand Spike,4,9427,0,100.0,48.4,Medium,Orange,1.46,1,1,Synthetic dataset created for academic semiconductor SCM simulation,3
2024-03-10,Power IC,Rest of World,Industrial,Supplier_B,Sea,5941,6233,8.18,48597.38,6632,1485,3861,17,1,24,635.82,Unknown,0,5941,0,100.0,13.1,Low,Green,1.253,0,1,Synthetic dataset created for academic semiconductor SCM simulation,3
2024-03-11,Power IC,India,Automotive,Supplier_A,Sea,6409,6269,3.18,20380.62,6343,1602,4165,19,0,25,740.54,Unknown,0,6409,0,100.0,10.4,Low,Green,1.024,0,0,Synthetic dataset created for academic semiconductor SCM simulation,3
2024-03-12,Memory Chip,North America,Automotive,Supplier_A,Multimodal,11380,11101,11.97,136218.6,10155,2845,7397,31,15,13,3102.62,Supplier Delay,4,11380,0,100.0,98.5,High,Red,1.119,0,1,Synthetic dataset created for academic semiconductor SCM simulation,3
2024-03-13,Logic IC,Europe,Industrial,Supplier_A,Multimodal,8989,8853,3.62,32540.18,6903,2247,5842,14,0,13,2051.16,Unknown,0,8989,0,100.0,0.8,Low,Green,1.003,0,0,Synthetic dataset created for academic semiconductor SCM simulation,3
2024-03-14,Analog IC,Europe,Consumer Electronics,Supplier_D,Multimodal,8793,10806,6.52,57330.36,2962,2198,5715,17,0,17,2673.55,Inventory Shortage,5,8793,0,100.0,44.0,Medium,Orange,1.302,0,0,Synthetic dataset created for academic semiconductor SCM simulation,3
2024-03-15,Power IC,North America,Industrial,Supplier_C,Road,5681,5975,8.59,48799.79,3028,1420,3692,13,4,23,1333.64,Logistics Delay,5,5681,0,100.0,62.8,Medium,Orange,1.182,0,1,Synthetic dataset created for academic semiconductor SCM simulation,3
2024-03-16,Microcontroller,Europe,Automotive,Supplier_E,Road,8247,8245,10.06,82964.82,5431,2061,5360,28,3,9,1654.52,Unknown,0,8247,0,100.0,20.1,Low,Green,0.973,0,1,Synthetic dataset created for academic semiconductor SCM simulation,3
2024-03-17,Microcontroller,Rest of World,Consumer Electronics,Supplier_C,Multimodal,10113,10996,3.76,38024.88,8760,2528,6573,34,0,18,2473.42,Unknown,0,10113,0,100.0,21.6,Low,Green,1.24,0,0,Synthetic dataset created for academic semiconductor SCM simulation,3
2024-03-18,Analog IC,North America,Consumer Electronics,Supplier_E,Sea,8049,7658,10.55,84916.95,3972,2012,5231,26,1,34,792.25,Unknown,0,8049,0,100.0,28.3,Low,Green,0.941,0,1,Synthetic dataset created for academic semiconductor SCM simulation,3
2024-03-19,Memory Chip,North America,Computing,Supplier_C,Road,10685,10445,8.87,94775.95,12490,2671,6945,13,5,5,2060.42,Supplier Delay,2,10685,0,100.0,33.5,Low,Green,1.094,0,1,Synthetic dataset created for academic semiconductor SCM simulation,3
2024-03-20,Sensor IC,Rest of World,Computing,Supplier_D,Multimodal,7726,9529,8.27,63894.02,1494,1931,5021,40,1,18,2646.88,Inventory Shortage,5,7726,0,100.0,72.3,High,Red,1.194,0,1,Synthetic dataset created for academic semiconductor SCM simulation,3
2024-03-21,Power IC,Europe,Automotive,Supplier_E,Multimodal,5674,5860,8.08,45845.92,4577,1418,3688,23,1,20,1600.66,Unknown,0,5674,0,100.0,13.5,Low,Green,1.018,0,1,Synthetic dataset created for academic semiconductor SCM simulation,3
2024-03-22,Memory Chip,India,Industrial,Supplier_D,Multimodal,13106,13487,11.91,156092.46,9382,3276,8518,29,0,20,3809.24,Unknown,0,13106,0,100.0,17.2,Low,Green,0.991,0,0,Synthetic dataset created for academic semiconductor SCM simulation,3
2024-03-23,Sensor IC,India,Telecom,Supplier_A,Road,6840,7584,9.62,65800.8,9185,1710,4446,27,0,9,1368.6,Unknown,0,6840,0,100.0,8.4,Low,Green,1.094,0,0,Synthetic dataset created for academic semiconductor SCM simulation,3
2024-03-24,Analog IC,Rest of World,Industrial,Supplier_A,Air,9876,10441,5.71,56391.96,7714,2469,6419,26,0,6,4376.29,Unknown,0,9876,0,100.0,7.2,Low,Green,1.216,0,0,Synthetic dataset created for academic semiconductor SCM simulation,3
2024-03-25,Logic IC,Asia-Pacific,Telecom,Supplier_D,Multimodal,14131,17890,10.76,152049.56,7544,3532,9185,29,1,22,5042.83,Demand Spike,5,14131,0,100.0,62.3,Medium,Orange,1.324,1,1,Synthetic dataset created for academic semiconductor SCM simulation,3
2024-03-26,Sensor IC,North America,Automotive,Supplier_A,Road,7263,7063,5.57,40454.91,3701,1815,4720,18,0,9,1208.0,Unknown,0,7263,0,100.0,0.0,Low,Green,1.133,0,0,Synthetic dataset created for academic semiconductor SCM simulation,3
2024-03-27,Power IC,India,Automotive,Supplier_B,Multimodal,6525,6287,5.61,36605.25,6029,1631,4241,22,14,20,1658.99,Supplier Delay,1,6525,0,100.0,65.8,High,Red,1.076,0,1,Synthetic dataset created for academic semiconductor SCM simulation,3
2024-03-28,Analog IC,Rest of World,Computing,Supplier_C,Sea,8551,8155,6.83,58403.33,6159,2137,5558,22,3,33,1063.57,Unknown,0,8551,0,100.0,29.7,Low,Green,1.112,0,1,Synthetic dataset created for academic semiconductor SCM simulation,3
2024-03-29,Microcontroller,North America,Computing,Supplier_B,Sea,8740,9339,6.71,58645.4,7717,2185,5681,25,1,35,974.62,Logistics Delay,1,8740,0,100.0,35.9,Medium,Orange,1.263,0,1,Synthetic dataset created for academic semiconductor SCM simulation,3
2024-03-30,Microcontroller,Europe,Automotive,Supplier_D,Multimodal,10344,13472,5.42,56064.48,6843,2586,6723,24,0,16,3327.15,Demand Spike,2,10344,0,100.0,24.0,Low,Green,1.316,1,0,Synthetic dataset created for academic semiconductor SCM simulation,3
2024-03-31,Memory Chip,Europe,Consumer Electronics,Supplier_E,Road,9893,9536,10.31,101996.83,4742,2473,6430,22,0,5,1886.78,Unknown,0,9893,0,100.0,2.4,Low,Green,0.986,0,0,Synthetic dataset created for academic semiconductor SCM simulation,3
2024-04-01,Power IC,Europe,Computing,Supplier_A,Air,5241,5254,2.55,13364.55,4202,1310,3406,30,0,2,2098.51,Unknown,0,5241,0,100.0,12.0,Low,Green,1.201,0,0,Synthetic dataset created for academic semiconductor SCM simulation,4
2024-04-02,Microcontroller,Europe,Computing,Supplier_C,Air,8425,8871,4.37,36817.25,5942,2106,5476,32,1,6,3603.38,Unknown,0,8425,0,100.0,17.9,Low,Green,1.104,0,1,Synthetic dataset created for academic semiconductor SCM simulation,4
2024-04-03,Power IC,North America,Telecom,Supplier_D,Road,5514,6842,5.11,28176.54,1067,1378,3584,27,4,8,1349.88,Inventory Shortage,3,5514,0,100.0,46.4,Medium,Orange,1.197,0,1,Synthetic dataset created for academic semiconductor SCM simulation,4
2024-04-04,Microcontroller,North America,Automotive,Supplier_D,Sea,11592,14752,3.06,35471.52,9016,2898,7534,39,3,27,1779.89,Demand Spike,3,11592,0,100.0,69.3,High,Red,1.333,1,1,Synthetic dataset created for academic semiconductor SCM simulation,4
2024-04-05,Power IC,Asia-Pacific,Automotive,Supplier_A,Road,6261,6812,5.64,35312.04,6803,1565,4069,24,1,7,1454.23,Unknown,0,6261,0,100.0,8.3,Low,Green,1.213,0,1,Synthetic dataset created for academic semiconductor SCM simulation,4
2024-04-06,Logic IC,North America,Automotive,Supplier_B,Road,8854,9559,7.48,66227.92,3924,2213,5755,27,3,11,2054.6,Inventory Shortage,2,8854,0,100.0,34.9,Low,Green,1.242,0,1,Synthetic dataset created for academic semiconductor SCM simulation,4
2024-04-07,Power IC,Europe,Automotive,Supplier_A,Multimodal,8205,9888,8.99,73762.95,9092,2051,5333,35,0,16,2683.79,Demand Spike,5,8205,0,100.0,61.2,Medium,Orange,1.157,1,0,Synthetic dataset created for academic semiconductor SCM simulation,4
2024-04-08,Analog IC,Rest of World,Computing,Supplier_C,Multimodal,9626,10170,9.92,95489.92,6262,2406,6256,27,2,15,2808.0,Unknown,0,9626,0,100.0,17.8,Low,Green,1.074,0,1,Synthetic dataset created for academic semiconductor SCM simulation,4
2024-04-09,Analog IC,Asia-Pacific,Consumer Electronics,Supplier_E,Road,8983,8540,4.29,38537.07,10529,2245,5838,27,0,11,1926.99,Unknown,0,8983,0,100.0,8.4,Low,Green,0.968,0,0,Synthetic dataset created for academic semiconductor SCM simulation,4
2024-04-10,Logic IC,India,Automotive,Supplier_E,Road,10279,10778,7.71,79251.09,6478,2569,6681,33,1,10,2177.9,Unknown,0,10279,0,100.0,19.1,Low,Green,1.176,0,1,Synthetic dataset created for academic semiconductor SCM simulation,4
2024-04-11,Microcontroller,Europe,Consumer Electronics,Supplier_D,Air,6640,7359,8.84,58697.6,3967,1660,4316,24,0,4,2970.94,Unknown,0,6640,0,100.0,4.8,Low,Green,1.08,0,0,Synthetic dataset created for academic semiconductor SCM simulation,4
2024-04-12,Power IC,Europe,Computing,Supplier_E,Air,6418,7119,9.81,62960.58,3589,1604,4171,22,1,4,3095.79,Unknown,0,6418,0,100.0,5.9,Low,Green,1.266,0,1,Synthetic dataset created for academic semiconductor SCM simulation,4
2024-04-13,Logic IC,India,Computing,Supplier_A,Multimodal,10401,11269,5.84,60741.84,11470,2600,6760,14,14,18,3200.8,Supplier Delay,3,10401,0,100.0,77.8,High,Red,1.276,0,1,Synthetic dataset created for academic semiconductor SCM simulation,4
2024-04-14,Logic IC,Asia-Pacific,Automotive,Supplier_B,Sea,9275,9566,11.81,109537.75,5038,2318,6028,32,14,28,1185.93,Supplier Delay,2,9275,0,100.0,92.2,High,Red,1.112,0,1,Synthetic dataset created for academic semiconductor SCM simulation,4
2024-04-15,Sensor IC,North America,Consumer Electronics,Supplier_B,Multimodal,12789,17442,10.2,130447.8,16113,3197,8312,27,0,20,4230.71,Demand Spike,1,12789,0,100.0,22.8,Low,Green,1.308,1,0,Synthetic dataset created for academic semiconductor SCM simulation,4
2024-04-16,Memory Chip,Asia-Pacific,Computing,Supplier_C,Air,15477,16675,2.28,35287.56,17636,3869,10060,22,17,2,7396.78,Supplier Delay,4,15477,0,100.0,93.9,High,Red,1.183,0,1,Synthetic dataset created for academic semiconductor SCM simulation,4
2024-04-17,Sensor IC,India,Computing,Supplier_E,Road,7237,7872,8.88,64264.56,3614,1809,4704,36,0,9,1731.39,Unknown,0,7237,0,100.0,19.2,Low,Green,1.115,0,0,Synthetic dataset created for academic semiconductor SCM simulation,4
2024-04-18,Memory Chip,Europe,Telecom,Supplier_B,Road,11306,11761,3.03,34257.18,12330,2826,7348,21,1,5,2230.85,Unknown,0,11306,0,100.0,4.7,Low,Green,1.214,0,1,Synthetic dataset created for academic semiconductor SCM simulation,4
2024-04-19,Logic IC,Rest of World,Computing,Supplier_A,Road,11147,12436,10.16,113253.52,8141,2786,7245,22,2,6,2161.35,Unknown,0,11147,0,100.0,9.4,Low,Green,1.272,0,1,Synthetic dataset created for academic semiconductor SCM simulation,4
2024-04-20,Logic IC,Asia-Pacific,Computing,Supplier_E,Road,11571,11786,11.87,137347.77,15089,2892,7521,26,0,5,2061.59,Unknown,0,11571,0,100.0,7.2,Low,Green,1.117,0,0,Synthetic dataset created for academic semiconductor SCM simulation,4
2024-04-21,Microcontroller,India,Automotive,Supplier_D,Road,7290,7057,3.41,24858.9,7877,1822,4738,37,0,7,1576.08,Unknown,0,7290,0,100.0,20.4,Low,Green,0.945,0,0,Synthetic dataset created for academic semiconductor SCM simulation,4
2024-04-22,Microcontroller,India,Consumer Electronics,Supplier_B,Sea,7943,8882,1.95,15488.85,6646,1985,5162,28,11,24,949.05,Supplier Delay,2,7943,0,100.0,73.7,High,Red,1.234,0,1,Synthetic dataset created for academic semiconductor SCM simulation,4
2024-04-23,Sensor IC,North America,Computing,Supplier_C,Road,5762,6427,5.5,31691.0,5173,1440,3745,30,0,11,1336.53,Unknown,0,5762,0,100.0,12.0,Low,Green,1.332,0,0,Synthetic dataset created for academic semiconductor SCM simulation,4
2024-04-24,Sensor IC,Rest of World,Consumer Electronics,Supplier_C,Sea,5964,6646,4.04,24094.56,7864,1491,3876,34,0,19,744.52,Unknown,0,5964,0,100.0,22.4,Low,Green,1.136,0,0,Synthetic dataset created for academic semiconductor SCM simulation,4
2024-04-25,Microcontroller,Rest of World,Automotive,Supplier_B,Air,9765,11707,3.3,32224.5,10373,2441,6347,32,1,4,5398.09,Demand Spike,1,9765,0,100.0,25.9,Low,Green,1.272,1,1,Synthetic dataset created for academic semiconductor SCM simulation,4
2024-04-26,Memory Chip,North America,Consumer Electronics,Supplier_D,Road,12953,17263,7.01,90800.53,4312,3238,8419,22,0,5,3403.38,Inventory Shortage,2,12953,0,100.0,18.4,Low,Green,1.56,0,0,Synthetic dataset created for academic semiconductor SCM simulation,4
2024-04-27,Memory Chip,Europe,Industrial,Supplier_B,Multimodal,20846,26390,6.03,125701.38,18392,5211,13549,32,0,16,6212.58,Demand Spike,4,20846,0,100.0,49.6,Medium,Orange,1.341,1,0,Synthetic dataset created for academic semiconductor SCM simulation,4
2024-04-28,Memory Chip,Asia-Pacific,Consumer Electronics,Supplier_D,Multimodal,12831,14226,3.41,43753.71,6501,3207,8340,39,0,21,3486.33,Unknown,0,12831,0,100.0,30.0,Low,Green,1.319,0,0,Synthetic dataset created for academic semiconductor SCM simulation,4
2024-04-29,Microcontroller,North America,Industrial,Supplier_C,Sea,15620,21025,10.66,166509.2,16723,3905,10153,32,0,18,2308.62,Demand Spike,5,15620,0,100.0,59.2,Medium,Orange,1.465,1,0,Synthetic dataset created for academic semiconductor SCM simulation,4
2024-04-30,Logic IC,Europe,Automotive,Supplier_D,Sea,10879,10799,10.55,114773.45,6817,2719,7071,33,15,29,1237.25,Supplier Delay,4,10879,0,100.0,100.0,High,Red,1.004,0,1,Synthetic dataset created for academic semiconductor SCM simulation,4
2024-05-01,Microcontroller,Europe,Industrial,Supplier_D,Sea,9014,9318,5.99,53993.86,5719,2253,5859,31,0,22,1188.94,Unknown,0,9014,0,100.0,21.2,Low,Green,1.089,0,0,Synthetic dataset created for academic semiconductor SCM simulation,5
2024-05-02,Analog IC,Asia-Pacific,Automotive,Supplier_E,Multimodal,8139,8245,2.37,19289.43,5396,2034,5290,18,0,11,1983.24,Unknown,0,8139,0,100.0,0.0,Low,Green,0.992,0,0,Synthetic dataset created for academic semiconductor SCM simulation,5
2024-05-03,Power IC,Rest of World,Computing,Supplier_B,Air,5256,5240,3.12,16398.72,4747,1314,3416,34,1,5,2046.81,Unknown,0,5256,0,100.0,20.3,Low,Green,1.004,0,1,Synthetic dataset created for academic semiconductor SCM simulation,5
2024-05-04,Logic IC,Europe,Automotive,Supplier_D,Road,11315,11065,9.86,111565.9,5552,2828,7354,38,0,7,2039.84,Unknown,0,11315,0,100.0,21.6,Low,Green,0.973,0,0,Synthetic dataset created for academic semiconductor SCM simulation,5
2024-05-05,Memory Chip,North America,Consumer Electronics,Supplier_C,Multimodal,10551,10829,9.01,95064.51,11280,2637,6858,13,0,20,2675.75,Unknown,0,10551,0,100.0,6.4,Low,Green,1.189,0,0,Synthetic dataset created for academic semiconductor SCM simulation,5
2024-05-06,Memory Chip,India,Telecom,Supplier_A,Sea,10276,9951,10.61,109028.36,12139,2569,6679,18,5,31,1060.43,Supplier Delay,4,10276,0,100.0,64.7,Medium,Orange,0.984,0,1,Synthetic dataset created for academic semiconductor SCM simulation,5
2024-05-07,Logic IC,Rest of World,Computing,Supplier_E,Road,10568,11528,8.34,88137.12,7230,2642,6869,39,0,18,2154.73,Logistics Delay,2,10568,0,100.0,43.6,Medium,Orange,1.095,0,1,Synthetic dataset created for academic semiconductor SCM simulation,5
2024-05-08,Analog IC,Asia-Pacific,Consumer Electronics,Supplier_D,Road,7417,8908,11.01,81661.17,3359,1854,4821,26,1,12,1984.99,Inventory Shortage,5,7417,0,100.0,50.7,Medium,Orange,1.182,0,1,Synthetic dataset created for academic semiconductor SCM simulation,5
2024-05-09,Logic IC,North America,Computing,Supplier_B,Sea,10571,10133,11.11,117443.81,5646,2642,6871,29,2,35,1178.75,Unknown,0,10571,0,100.0,36.2,Medium,Orange,0.973,0,1,Synthetic dataset created for academic semiconductor SCM simulation,5
2024-05-10,Logic IC,North America,Consumer Electronics,Supplier_A,Multimodal,7384,8006,9.44,69704.96,6956,1846,4799,14,0,16,2144.86,Unknown,0,7384,0,100.0,3.2,Low,Green,1.23,0,0,Synthetic dataset created for academic semiconductor SCM simulation,5
2024-05-11,Power IC,India,Consumer Electronics,Supplier_C,Road,5823,6289,8.33,48505.59,6854,1455,3784,33,0,10,1346.98,Unknown,0,5823,0,100.0,15.6,Low,Green,1.184,0,0,Synthetic dataset created for academic semiconductor SCM simulation,5
2024-05-12,Microcontroller,North America,Telecom,Supplier_A,Multimodal,7901,8563,9.01,71188.01,9206,1975,5135,31,0,16,2264.03,Unknown,0,7901,0,100.0,16.4,Low,Green,1.166,0,0,Synthetic dataset created for academic semiconductor SCM simulation,5
2024-05-13,Power IC,Europe,Industrial,Supplier_B,Air,4908,4786,7.38,36221.04,5579,1227,3190,29,0,5,1915.08,Unknown,0,4908,0,100.0,10.8,Low,Green,1.049,0,0,Synthetic dataset created for academic semiconductor SCM simulation,5
2024-05-14,Microcontroller,Europe,Telecom,Supplier_D,Air,6634,6357,8.19,54332.46,6149,1658,4312,24,0,4,2816.17,Unknown,0,6634,0,100.0,4.8,Low,Green,1.007,0,0,Synthetic dataset created for academic semiconductor SCM simulation,5
2024-05-15,Logic IC,Asia-Pacific,Consumer Electronics,Supplier_D,Sea,12192,15094,5.95,72542.4,9949,3048,7924,25,0,35,1728.3,Demand Spike,5,12192,0,100.0,64.4,Medium,Orange,1.251,1,0,Synthetic dataset created for academic semiconductor SCM simulation,5
2024-05-16,Logic IC,Rest of World,Computing,Supplier_D,Road,9636,9456,2.78,26788.08,9156,2409,6263,28,4,9,1683.95,Supplier Delay,5,9636,0,100.0,63.6,Medium,Orange,1.062,0,1,Synthetic dataset created for academic semiconductor SCM simulation,5
2024-05-17,Microcontroller,Europe,Industrial,Supplier_B,Multimodal,7506,8318,6.8,51040.8,4423,1876,4878,24,1,16,1957.07,Unknown,0,7506,0,100.0,11.5,Low,Green,1.071,0,1,Synthetic dataset created for academic semiconductor SCM simulation,5
2024-05-18,Analog IC,India,Computing,Supplier_C,Sea,6890,7022,3.59,24735.1,9058,1722,4478,19,16,29,719.3,Supplier Delay,3,6890,0,100.0,93.6,High,Red,1.032,0,1,Synthetic dataset created for academic semiconductor SCM simulation,5
2024-05-19,Sensor IC,Asia-Pacific,Telecom,Supplier_C,Multimodal,6871,7632,5.16,35454.36,7270,1717,4466,21,2,22,1774.39,Unknown,0,6871,0,100.0,16.2,Low,Green,1.15,0,1,Synthetic dataset created for academic semiconductor SCM simulation,5
2024-05-20,Analog IC,North America,Industrial,Supplier_B,Air,7768,8425,10.63,82573.84,4257,1942,5049,28,0,6,3424.42,Unknown,0,7768,0,100.0,9.6,Low,Green,1.096,0,0,Synthetic dataset created for academic semiconductor SCM simulation,5
2024-05-21,Analog IC,Rest of World,Computing,Supplier_B,Road,7339,8185,6.66,48877.74,9862,1834,4770,34,0,9,1697.8,Unknown,0,7339,0,100.0,16.8,Low,Green,1.141,0,0,Synthetic dataset created for academic semiconductor SCM simulation,5
2024-05-22,Memory Chip,North America,Consumer Electronics,Supplier_C,Sea,12029,12877,6.54,78669.66,11109,3007,7818,19,1,20,1529.73,Unknown,0,12029,0,100.0,9.9,Low,Green,1.21,0,1,Synthetic dataset created for academic semiconductor SCM simulation,5
2024-05-23,Microcontroller,Rest of World,Automotive,Supplier_E,Sea,7057,6813,8.35,58925.95,7769,1764,4587,30,0,25,866.67,Unknown,0,7057,0,100.0,22.4,Low,Green,1.148,0,0,Synthetic dataset created for academic semiconductor SCM simulation,5
2024-05-24,Logic IC,Rest of World,Telecom,Supplier_C,Multimodal,12031,12902,7.61,91555.91,9036,3007,7820,12,0,26,3331.28,Logistics Delay,5,12031,0,100.0,51.2,Medium,Orange,1.13,0,1,Synthetic dataset created for academic semiconductor SCM simulation,5
2024-05-25,Logic IC,North America,Computing,Supplier_E,Air,11264,11423,7.06,79523.84,11963,2816,7321,39,0,4,5587.76,Unknown,0,11264,0,100.0,22.8,Low,Green,1.063,0,0,Synthetic dataset created for academic semiconductor SCM simulation,5
2024-05-26,Logic IC,Europe,Consumer Electronics,Supplier_A,Air,9447,9819,10.2,96359.4,7167,2361,6140,21,0,4,4367.16,Unknown,0,9447,0,100.0,1.2,Low,Green,0.994,0,0,Synthetic dataset created for academic semiconductor SCM simulation,5
2024-05-27,Memory Chip,India,Consumer Electronics,Supplier_B,Sea,12031,14300,4.84,58230.04,5981,3007,7820,20,0,20,1856.35,Inventory Shortage,5,12031,0,100.0,46.4,Medium,Orange,1.217,0,0,Synthetic dataset created for academic semiconductor SCM simulation,5
2024-05-28,Logic IC,Rest of World,Telecom,Supplier_A,Road,8251,8529,6.25,51568.75,6880,2062,5363,25,4,6,1821.3,Unknown,0,8251,0,100.0,20.0,Low,Green,1.201,0,1,Synthetic dataset created for academic semiconductor SCM simulation,5
2024-05-29,Microcontroller,North America,Automotive,Supplier_E,Sea,6525,6640,7.67,50046.75,8531,1631,4241,17,0,20,704.0,Unknown,0,6525,0,100.0,6.4,Low,Green,1.162,0,0,Synthetic dataset created for academic semiconductor SCM simulation,5
2024-05-30,Power IC,Europe,Industrial,Supplier_A,Multimodal,5333,5506,8.9,47463.7,2593,1333,3466,25,1,14,1486.49,Unknown,0,5333,0,100.0,11.1,Low,Green,1.043,0,1,Synthetic dataset created for academic semiconductor SCM simulation,5
2024-05-31,Logic IC,Asia-Pacific,Computing,Supplier_D,Sea,9584,9491,11.16,106957.44,7541,2396,6229,36,2,31,1012.82,Unknown,0,9584,0,100.0,41.4,Medium,Orange,1.12,0,1,Synthetic dataset created for academic semiconductor SCM simulation,5
2024-06-01,Microcontroller,Asia-Pacific,Industrial,Supplier_D,Air,6858,7173,8.62,59115.96,5572,1714,4457,25,0,2,3441.05,Unknown,0,6858,0,100.0,6.0,Low,Green,1.15,0,0,Synthetic dataset created for academic semiconductor SCM simulation,6
2024-06-02,Logic IC,Rest of World,Telecom,Supplier_E,Multimodal,8632,9418,8.84,76306.88,8384,2158,5610,38,1,24,2565.6,Logistics Delay,3,8632,0,100.0,58.7,Medium,Orange,1.21,0,1,Synthetic dataset created for academic semiconductor SCM simulation,6
2024-06-03,Logic IC,North America,Consumer Electronics,Supplier_C,Air,8335,8795,12.34,102853.9,4810,2083,5417,18,3,10,3650.79,Logistics Delay,5,8335,0,100.0,50.5,Medium,Orange,1.258,0,1,Synthetic dataset created for academic semiconductor SCM simulation,6
2024-06-04,Sensor IC,Rest of World,Computing,Supplier_A,Multimodal,7769,8688,6.06,47080.14,8735,1942,5049,24,6,20,2153.09,Supplier Delay,1,7769,0,100.0,40.2,Medium,Orange,1.149,0,1,Synthetic dataset created for academic semiconductor SCM simulation,6
2024-06-05,Analog IC,North America,Computing,Supplier_E,Sea,7042,7765,7.2,50702.4,4071,1760,4577,39,1,32,798.92,Logistics Delay,2,7042,0,100.0,58.3,Medium,Orange,1.239,0,1,Synthetic dataset created for academic semiconductor SCM simulation,6
2024-06-06,Logic IC,India,Industrial,Supplier_A,Sea,10236,11052,7.82,80045.52,8354,2559,6653,16,0,20,1232.12,Unknown,0,10236,0,100.0,6.4,Low,Green,1.045,0,0,Synthetic dataset created for academic semiconductor SCM simulation,6
2024-06-07,Memory Chip,Asia-Pacific,Computing,Supplier_D,Multimodal,12575,13671,5.65,71048.75,14670,3143,8173,30,0,24,3189.76,Logistics Delay,2,12575,0,100.0,37.6,Medium,Orange,1.117,0,1,Synthetic dataset created for academic semiconductor SCM simulation,6
2024-06-08,Logic IC,Europe,Automotive,Supplier_A,Sea,10008,9888,2.17,21717.36,13327,2502,6505,28,0,30,1017.02,Unknown,0,10008,0,100.0,24.0,Low,Green,1.034,0,0,Synthetic dataset created for academic semiconductor SCM simulation,6
2024-06-09,Memory Chip,Asia-Pacific,Automotive,Supplier_B,Road,11681,12974,6.33,73940.73,14274,2920,7592,13,0,9,2667.1,Unknown,0,11681,0,100.0,0.0,Low,Green,1.144,0,0,Synthetic dataset created for academic semiconductor SCM simulation,6
2024-06-10,Sensor IC,India,Consumer Electronics,Supplier_E,Sea,5194,5501,7.44,38643.36,3653,1298,3376,20,0,37,624.96,Logistics Delay,4,5194,0,100.0,52.0,Medium,Orange,1.049,0,1,Synthetic dataset created for academic semiconductor SCM simulation,6
2024-06-11,Analog IC,India,Consumer Electronics,Supplier_D,Multimodal,7088,7402,2.92,20696.96,9138,1772,4607,34,0,12,1900.17,Unknown,0,7088,0,100.0,16.8,Low,Green,1.01,0,0,Synthetic dataset created for academic semiconductor SCM simulation,6
2024-06-12,Power IC,Asia-Pacific,Telecom,Supplier_E,Road,4559,4482,3.42,15591.78,5994,1139,2963,21,3,7,854.49,Unknown,0,4559,0,100.0,11.7,Low,Green,0.961,0,1,Synthetic dataset created for academic semiconductor SCM simulation,6
2024-06-13,Logic IC,Asia-Pacific,Telecom,Supplier_A,Sea,10195,9861,8.43,85943.85,7503,2548,6626,12,0,31,1295.0,Unknown,0,10195,0,100.0,15.2,Low,Green,1.032,0,0,Synthetic dataset created for academic semiconductor SCM simulation,6
2024-06-14,Logic IC,Rest of World,Industrial,Supplier_D,Air,7017,7199,11.46,80414.82,4047,1754,4561,33,0,6,3014.23,Unknown,0,7017,0,100.0,15.6,Low,Green,1.076,0,0,Synthetic dataset created for academic semiconductor SCM simulation,6
2024-06-15,Logic IC,Asia-Pacific,Automotive,Supplier_D,Road,8790,9369,10.84,95283.6,11195,2197,5713,29,0,12,1876.27,Unknown,0,8790,0,100.0,10.8,Low,Green,1.033,0,0,Synthetic dataset created for academic semiconductor SCM simulation,6
2024-06-16,Memory Chip,Asia-Pacific,Telecom,Supplier_E,Sea,11054,10864,7.91,87437.14,13595,2763,7185,28,0,33,1347.24,Unknown,0,11054,0,100.0,26.4,Low,Green,0.991,0,0,Synthetic dataset created for academic semiconductor SCM simulation,6
2024-06-17,Logic IC,North America,Automotive,Supplier_E,Sea,5471,5512,8.11,44369.81,7358,1367,3556,33,0,35,669.51,Unknown,0,5471,0,100.0,34.0,Low,Green,1.071,0,0,Synthetic dataset created for academic semiconductor SCM simulation,6
2024-06-18,Analog IC,Asia-Pacific,Telecom,Supplier_D,Sea,6864,7430,3.47,23818.08,4203,1716,4461,16,1,49,941.7,Logistics Delay,5,6864,0,100.0,73.1,High,Red,1.199,0,1,Synthetic dataset created for academic semiconductor SCM simulation,6
2024-06-19,Power IC,North America,Automotive,Supplier_D,Road,5900,7431,2.98,17582.0,2710,1475,3835,20,0,7,1511.23,Inventory Shortage,1,5900,0,100.0,8.0,Low,Green,1.497,0,0,Synthetic dataset created for academic semiconductor SCM simulation,6
2024-06-20,Logic IC,Rest of World,Computing,Supplier_C,Sea,8968,9447,5.13,46005.84,11714,2242,5829,29,2,22,1184.15,Unknown,0,8968,0,100.0,25.8,Low,Green,1.183,0,1,Synthetic dataset created for academic semiconductor SCM simulation,6
2024-06-21,Memory Chip,Rest of World,Telecom,Supplier_E,Road,9595,10554,5.91,56706.45,9030,2398,6236,41,0,9,2076.57,Unknown,0,9595,0,100.0,25.2,Low,Green,1.171,0,0,Synthetic dataset created for academic semiconductor SCM simulation,6
2024-06-22,Microcontroller,India,Automotive,Supplier_C,Sea,7073,7373,6.15,43498.95,3679,1768,4597,27,0,18,822.49,Unknown,0,7073,0,100.0,13.2,Low,Green,1.15,0,0,Synthetic dataset created for academic semiconductor SCM simulation,6
2024-06-23,Analog IC,India,Telecom,Supplier_E,Multimodal,7307,7569,9.19,67151.33,3539,1826,4749,24,7,17,2176.71,Supplier Delay,4,7307,0,100.0,65.3,High,Red,1.151,0,1,Synthetic dataset created for academic semiconductor SCM simulation,6
2024-06-24,Power IC,Rest of World,Automotive,Supplier_D,Sea,5574,5644,7.61,42418.14,2700,1393,3623,19,14,30,643.81,Supplier Delay,2,5574,0,100.0,79.4,High,Red,1.132,0,1,Synthetic dataset created for academic semiconductor SCM simulation,6
2024-06-25,Memory Chip,Europe,Computing,Supplier_B,Road,11276,11715,7.27,81976.52,14731,2819,7329,24,0,7,2167.95,Unknown,0,11276,0,100.0,4.8,Low,Green,1.165,0,0,Synthetic dataset created for academic semiconductor SCM simulation,6
2024-06-26,Analog IC,Rest of World,Industrial,Supplier_D,Sea,7122,7427,11.02,78484.44,4400,1780,4629,32,0,40,959.78,Logistics Delay,2,7122,0,100.0,52.8,Medium,Orange,1.189,0,1,Synthetic dataset created for academic semiconductor SCM simulation,6
2024-06-27,Analog IC,India,Consumer Electronics,Supplier_C,Multimodal,8307,8723,10.68,88718.76,10762,2076,5399,19,0,13,2424.58,Unknown,0,8307,0,100.0,0.8,Low,Green,1.025,0,0,Synthetic dataset created for academic semiconductor SCM simulation,6
2024-06-28,Analog IC,India,Industrial,Supplier_C,Air,8763,11746,11.5,100774.5,2304,2190,5695,29,0,6,5446.54,Inventory Shortage,4,8763,0,100.0,42.8,Medium,Orange,1.338,0,0,Synthetic dataset created for academic semiconductor SCM simulation,6
2024-06-29,Analog IC,Rest of World,Automotive,Supplier_E,Air,8119,8381,2.47,20053.93,9781,2029,5277,36,1,6,3207.82,Unknown,0,8119,0,100.0,22.7,Low,Green,1.035,0,1,Synthetic dataset created for academic semiconductor SCM simulation,6
2024-06-30,Power IC,Asia-Pacific,Industrial,Supplier_C,Multimodal,5201,5672,3.42,17787.42,6790,1300,3380,18,1,17,1522.39,Unknown,0,5201,0,100.0,7.5,Low,Green,1.063,0,1,Synthetic dataset created for academic semiconductor SCM simulation,6
2024-07-01,Sensor IC,India,Industrial,Supplier_A,Air,6485,6473,8.73,56614.05,8740,1621,4215,14,0,17,2878.42,Logistics Delay,1,6485,0,100.0,12.0,Low,Green,1.122,0,1,Synthetic dataset created for academic semiconductor SCM simulation,7
2024-07-02,Logic IC,India,Computing,Supplier_A,Sea,10249,12641,7.63,78199.87,7604,2562,6661,23,0,28,1275.81,Demand Spike,1,10249,0,100.0,24.4,Low,Green,1.41,1,0,Synthetic dataset created for academic semiconductor SCM simulation,7
2024-07-03,Logic IC,India,Telecom,Supplier_E,Multimodal,7749,8291,7.46,57807.54,8979,1937,5036,42,0,22,2308.29,Unknown,0,7749,0,100.0,34.4,Low,Green,1.242,0,0,Synthetic dataset created for academic semiconductor SCM simulation,7
2024-07-04,Power IC,North America,Computing,Supplier_B,Road,6009,8454,5.34,32088.06,1592,1502,3905,22,0,5,1831.92,Inventory Shortage,1,6009,0,100.0,10.4,Low,Green,1.564,0,0,Synthetic dataset created for academic semiconductor SCM simulation,7
2024-07-05,Memory Chip,Asia-Pacific,Consumer Electronics,Supplier_B,Air,10451,9938,5.94,62078.94,7555,2612,6793,13,0,5,3882.25,Unknown,0,10451,0,100.0,0.0,Low,Green,1.106,0,0,Synthetic dataset created for academic semiconductor SCM simulation,7
2024-07-06,Logic IC,Rest of World,Telecom,Supplier_D,Multimodal,6246,6956,9.35,58400.1,3540,1561,4059,24,0,12,1876.57,Unknown,0,6246,0,100.0,4.8,Low,Green,1.294,0,0,Synthetic dataset created for academic semiconductor SCM simulation,7
2024-07-07,Analog IC,North America,Industrial,Supplier_C,Sea,7338,7985,9.08,66629.04,9104,1834,4769,15,1,20,950.35,Unknown,0,7338,0,100.0,9.9,Low,Green,1.209,0,1,Synthetic dataset created for academic semiconductor SCM simulation,7
2024-07-08,Analog IC,Europe,Computing,Supplier_A,Air,6936,6598,2.9,20114.4,5274,1734,4508,19,0,5,2953.57,Unknown,0,6936,0,100.0,0.0,Low,Green,1.03,0,0,Synthetic dataset created for academic semiconductor SCM simulation,7
2024-07-09,Sensor IC,India,Computing,Supplier_A,Multimodal,6154,6332,4.14,25477.56,5933,1538,4000,23,0,16,1438.27,Unknown,0,6154,0,100.0,6.8,Low,Green,0.986,0,0,Synthetic dataset created for academic semiconductor SCM simulation,7
2024-07-10,Memory Chip,Rest of World,Automotive,Supplier_E,Multimodal,10408,11051,4.85,50478.8,5276,2602,6765,20,0,20,2760.01,Unknown,0,10408,0,100.0,6.4,Low,Green,1.191,0,0,Synthetic dataset created for academic semiconductor SCM simulation,7
2024-07-11,Memory Chip,India,Consumer Electronics,Supplier_E,Sea,12321,12066,8.54,105221.34,9170,3080,8008,36,0,23,1364.6,Unknown,0,12321,0,100.0,28.0,Low,Green,1.139,0,0,Synthetic dataset created for academic semiconductor SCM simulation,7
2024-07-12,Microcontroller,Europe,Consumer Electronics,Supplier_E,Sea,6022,5891,8.11,48838.42,4155,1505,3914,37,1,24,765.89,Unknown,0,6022,0,100.0,33.5,Low,Green,0.959,0,1,Synthetic dataset created for academic semiconductor SCM simulation,7
2024-07-13,Analog IC,India,Telecom,Supplier_B,Sea,7295,9347,7.78,56755.1,2497,1823,4741,27,0,23,1179.78,Inventory Shortage,5,7295,0,100.0,57.2,Medium,Orange,1.277,0,0,Synthetic dataset created for academic semiconductor SCM simulation,7
2024-07-14,Memory Chip,India,Automotive,Supplier_B,Air,8852,9412,8.75,77455.0,6587,2213,5753,28,3,2,4619.58,Unknown,0,8852,0,100.0,20.1,Low,Green,1.164,0,1,Synthetic dataset created for academic semiconductor SCM simulation,7
2024-07-15,Logic IC,Rest of World,Consumer Electronics,Supplier_B,Sea,9574,12249,10.4,99569.6,4595,2393,6223,13,0,19,1520.26,Inventory Shortage,2,9574,0,100.0,21.6,Low,Green,1.435,0,0,Synthetic dataset created for academic semiconductor SCM simulation,7
2024-07-16,Sensor IC,Rest of World,Computing,Supplier_E,Multimodal,6154,6066,8.46,52062.84,7888,1538,4000,38,0,20,1543.91,Unknown,0,6154,0,100.0,28.0,Low,Green,1.133,0,0,Synthetic dataset created for academic semiconductor SCM simulation,7
2024-07-17,Microcontroller,North America,Automotive,Supplier_C,Road,6576,6887,9.45,62143.2,6335,1644,4274,22,0,7,1519.99,Unknown,0,6576,0,100.0,2.4,Low,Green,1.238,0,0,Synthetic dataset created for academic semiconductor SCM simulation,7
2024-07-18,Microcontroller,Asia-Pacific,Consumer Electronics,Supplier_E,Sea,10649,12659,3.79,40359.71,13529,2662,6921,27,2,24,1597.15,Demand Spike,5,10649,0,100.0,65.0,High,Red,1.301,1,1,Synthetic dataset created for academic semiconductor SCM simulation,7
2024-07-19,Sensor IC,Asia-Pacific,Consumer Electronics,Supplier_E,Multimodal,7535,7220,3.16,23810.6,4337,1883,4897,18,0,17,1950.78,Unknown,0,7535,0,100.0,4.0,Low,Green,0.938,0,0,Synthetic dataset created for academic semiconductor SCM simulation,7
2024-07-20,Analog IC,Asia-Pacific,Automotive,Supplier_A,Multimodal,8280,8048,3.81,31546.8,9259,2070,5382,15,0,21,1937.09,Unknown,0,8280,0,100.0,7.2,Low,Green,1.052,0,0,Synthetic dataset created for academic semiconductor SCM simulation,7
2024-07-21,Sensor IC,North America,Consumer Electronics,Supplier_E,Sea,6882,6932,6.63,45627.66,4843,1720,4473,36,0,34,861.12,Unknown,0,6882,0,100.0,36.8,Medium,Orange,0.982,0,0,Synthetic dataset created for academic semiconductor SCM simulation,7
2024-07-22,Power IC,Asia-Pacific,Computing,Supplier_D,Sea,5065,6185,2.84,14384.6,1035,1266,3292,35,0,24,759.59,Inventory Shortage,1,5065,0,100.0,35.6,Medium,Orange,1.387,0,0,Synthetic dataset created for academic semiconductor SCM simulation,7
2024-07-23,Analog IC,Asia-Pacific,Consumer Electronics,Supplier_E,Road,7968,7592,2.97,23664.96,6215,1992,5179,28,0,10,1439.58,Unknown,0,7968,0,100.0,9.6,Low,Green,0.978,0,0,Synthetic dataset created for academic semiconductor SCM simulation,7
2024-07-24,Memory Chip,North America,Automotive,Supplier_C,Air,11087,10580,13.09,145128.83,5590,2771,7206,13,0,16,4658.92,Logistics Delay,2,11087,0,100.0,19.2,Low,Green,1.049,0,1,Synthetic dataset created for academic semiconductor SCM simulation,7
2024-07-25,Microcontroller,India,Automotive,Supplier_D,Multimodal,6631,6442,4.57,30303.67,8154,1657,4310,34,0,13,1716.71,Unknown,0,6631,0,100.0,17.6,Low,Green,0.931,0,0,Synthetic dataset created for academic semiconductor SCM simulation,7
2024-07-26,Microcontroller,Asia-Pacific,Automotive,Supplier_E,Road,6398,7118,7.26,46449.48,8626,1599,4158,37,0,23,1491.88,Logistics Delay,4,6398,0,100.0,61.2,Medium,Orange,1.16,0,1,Synthetic dataset created for academic semiconductor SCM simulation,7
2024-07-27,Sensor IC,North America,Consumer Electronics,Supplier_C,Multimodal,8375,9824,8.72,73030.0,7155,2093,5443,28,0,18,2284.56,Demand Spike,4,8375,0,100.0,46.4,Medium,Orange,1.195,1,0,Synthetic dataset created for academic semiconductor SCM simulation,7
2024-07-28,Microcontroller,India,Consumer Electronics,Supplier_D,Air,6172,6405,9.62,59374.64,5351,1543,4011,37,0,3,2989.48,Unknown,0,6172,0,100.0,20.4,Low,Green,1.037,0,0,Synthetic dataset created for academic semiconductor SCM simulation,7
2024-07-29,Microcontroller,India,Telecom,Supplier_A,Sea,7698,8580,9.62,74054.76,6239,1924,5003,21,0,26,905.9,Unknown,0,7698,0,100.0,12.4,Low,Green,1.091,0,0,Synthetic dataset created for academic semiconductor SCM simulation,7
2024-07-30,Memory Chip,Asia-Pacific,Automotive,Supplier_E,Multimodal,10415,10835,8.01,83424.15,9947,2603,6769,28,0,10,2499.94,Unknown,0,10415,0,100.0,9.6,Low,Green,1.075,0,0,Synthetic dataset created for academic semiconductor SCM simulation,7
2024-07-31,Analog IC,North America,Computing,Supplier_D,Sea,7918,7864,6.37,50437.66,4548,1979,5146,29,2,29,840.96,Unknown,0,7918,0,100.0,31.4,Low,Green,1.156,0,1,Synthetic dataset created for academic semiconductor SCM simulation,7
2024-08-01,Microcontroller,Asia-Pacific,Automotive,Supplier_C,Multimodal,4596,4444,11.07,50877.72,4825,1149,2987,32,0,17,1148.21,Unknown,0,4596,0,100.0,18.4,Low,Green,0.949,0,0,Synthetic dataset created for academic semiconductor SCM simulation,8
2024-08-02,Power IC,Asia-Pacific,Automotive,Supplier_C,Sea,3296,3531,8.14,26829.44,3582,824,2142,34,0,18,427.37,Unknown,0,3296,0,100.0,21.6,Low,Green,1.103,0,0,Synthetic dataset created for academic semiconductor SCM simulation,8
2024-08-03,Memory Chip,Asia-Pacific,Industrial,Supplier_E,Air,11966,15093,12.24,146463.84,12763,2991,7777,37,4,3,6827.77,Demand Spike,3,11966,0,100.0,58.4,Medium,Orange,1.455,1,1,Synthetic dataset created for academic semiconductor SCM simulation,8
2024-08-04,Sensor IC,Rest of World,Computing,Supplier_C,Air,5007,4940,4.38,21930.66,5687,1251,3254,13,0,6,2384.52,Unknown,0,5007,0,100.0,0.0,Low,Green,1.045,0,0,Synthetic dataset created for academic semiconductor SCM simulation,8
2024-08-05,Memory Chip,Rest of World,Computing,Supplier_E,Road,9672,10687,13.15,127186.8,6218,2418,6286,34,0,11,1912.5,Unknown,0,9672,0,100.0,16.8,Low,Green,1.064,0,0,Synthetic dataset created for academic semiconductor SCM simulation,8
2024-08-06,Sensor IC,Rest of World,Consumer Electronics,Supplier_A,Air,4480,4736,7.74,34675.2,5043,1120,2912,20,6,6,2198.58,Supplier Delay,1,4480,0,100.0,29.0,Low,Green,1.155,0,1,Synthetic dataset created for academic semiconductor SCM simulation,8
2024-08-07,Logic IC,Rest of World,Computing,Supplier_D,Sea,8519,9506,12.21,104016.99,10689,2129,5537,43,0,39,1232.23,Logistics Delay,1,8519,0,100.0,57.2,Medium,Orange,1.145,0,1,Synthetic dataset created for academic semiconductor SCM simulation,8
2024-08-08,Memory Chip,North America,Automotive,Supplier_D,Road,7339,8198,12.9,94673.1,6869,1834,4770,28,3,5,1413.86,Unknown,0,7339,0,100.0,20.1,Low,Green,1.178,0,1,Synthetic dataset created for academic semiconductor SCM simulation,8
2024-08-09,Power IC,India,Automotive,Supplier_B,Sea,4433,4275,6.76,29967.08,3073,1108,2881,14,1,23,538.5,Unknown,0,4433,0,100.0,12.3,Low,Green,0.956,0,1,Synthetic dataset created for academic semiconductor SCM simulation,8
2024-08-10,Analog IC,India,Computing,Supplier_E,Sea,5298,5932,11.3,59867.4,3617,1324,3443,34,0,19,726.92,Unknown,0,5298,0,100.0,22.4,Low,Green,1.285,0,0,Synthetic dataset created for academic semiconductor SCM simulation,8
2024-08-11,Logic IC,India,Automotive,Supplier_C,Multimodal,7945,8762,8.84,70233.8,6106,1986,5164,17,0,15,2348.62,Unknown,0,7945,0,100.0,2.4,Low,Green,1.262,0,0,Synthetic dataset created for academic semiconductor SCM simulation,8
2024-08-12,Sensor IC,Rest of World,Telecom,Supplier_B,Road,4687,6014,6.72,31496.64,955,1171,3046,35,0,5,1183.7,Inventory Shortage,3,4687,0,100.0,42.0,Medium,Orange,1.223,0,0,Synthetic dataset created for academic semiconductor SCM simulation,8
2024-08-13,Logic IC,Europe,Automotive,Supplier_D,Sea,6141,6808,8.19,50294.79,5935,1535,3991,27,0,35,786.89,Unknown,0,6141,0,100.0,26.8,Low,Green,1.272,0,0,Synthetic dataset created for academic semiconductor SCM simulation,8
2024-08-14,Memory Chip,Europe,Computing,Supplier_D,Sea,7423,7378,7.47,55449.81,3936,1855,4824,33,0,31,933.24,Unknown,0,7423,0,100.0,30.8,Low,Green,0.963,0,0,Synthetic dataset created for academic semiconductor SCM simulation,8
2024-08-15,Microcontroller,Rest of World,Consumer Electronics,Supplier_C,Sea,5096,6123,3.93,20027.28,1966,1274,3312,35,0,28,615.03,Inventory Shortage,2,5096,0,100.0,46.8,Medium,Orange,1.17,0,0,Synthetic dataset created for academic semiconductor SCM simulation,8
2024-08-16,Power IC,Asia-Pacific,Consumer Electronics,Supplier_C,Road,4566,4816,5.35,24428.1,3765,1141,2967,32,0,9,1039.77,Unknown,0,4566,0,100.0,14.4,Low,Green,1.225,0,0,Synthetic dataset created for academic semiconductor SCM simulation,8
2024-08-17,Sensor IC,India,Automotive,Supplier_E,Sea,4797,4996,8.58,41158.26,4070,1199,3118,34,3,32,539.37,Supplier Delay,5,4797,0,100.0,83.3,High,Red,1.097,0,1,Synthetic dataset created for academic semiconductor SCM simulation,8
2024-08-18,Microcontroller,North America,Industrial,Supplier_E,Sea,6985,8797,7.77,54273.45,2064,1746,4540,26,4,35,1140.97,Inventory Shortage,5,6985,0,100.0,79.6,High,Red,1.477,0,1,Synthetic dataset created for academic semiconductor SCM simulation,8
2024-08-19,Microcontroller,Europe,Industrial,Supplier_E,Road,5592,6623,8.76,48985.92,1098,1398,3634,36,0,8,1483.15,Inventory Shortage,1,5592,0,100.0,27.2,Low,Green,1.159,0,0,Synthetic dataset created for academic semiconductor SCM simulation,8
2024-08-20,Sensor IC,Asia-Pacific,Telecom,Supplier_A,Sea,7631,9051,8.18,62421.58,6036,1907,4960,16,0,26,1075.11,Demand Spike,4,7631,0,100.0,43.2,Medium,Orange,1.129,1,0,Synthetic dataset created for academic semiconductor SCM simulation,8
2024-08-21,Microcontroller,Rest of World,Computing,Supplier_C,Sea,5305,5915,4.28,22705.4,6500,1326,3448,13,0,30,761.85,Unknown,0,5305,0,100.0,14.4,Low,Green,1.23,0,0,Synthetic dataset created for academic semiconductor SCM simulation,8
2024-08-22,Sensor IC,India,Telecom,Supplier_A,Road,5715,6197,4.6,26289.0,5509,1428,3714,25,2,10,1374.93,Unknown,0,5715,0,100.0,13.0,Low,Green,1.242,0,1,Synthetic dataset created for academic semiconductor SCM simulation,8
2024-08-23,Power IC,Europe,Consumer Electronics,Supplier_B,Air,4158,4121,8.35,34719.3,4492,1039,2702,20,1,5,1775.16,Unknown,0,4158,0,100.0,3.5,Low,Green,0.955,0,1,Synthetic dataset created for academic semiconductor SCM simulation,8
2024-08-24,Sensor IC,Europe,Computing,Supplier_E,Road,5620,5492,3.48,19557.6,4926,1405,3653,20,12,11,1156.37,Supplier Delay,4,5620,0,100.0,74.0,High,Red,1.026,0,1,Synthetic dataset created for academic semiconductor SCM simulation,8
2024-08-25,Power IC,Rest of World,Automotive,Supplier_D,Air,4756,4661,7.73,36763.88,6011,1189,3091,17,0,6,1765.45,Unknown,0,4756,0,100.0,0.0,Low,Green,1.063,0,0,Synthetic dataset created for academic semiconductor SCM simulation,8
2024-08-26,Microcontroller,India,Computing,Supplier_E,Multimodal,5253,5165,2.65,13920.45,3001,1313,3414,36,2,22,1217.24,Unknown,0,5253,0,100.0,34.2,Low,Green,1.111,0,1,Synthetic dataset created for academic semiconductor SCM simulation,8
2024-08-27,Power IC,North America,Telecom,Supplier_A,Sea,4653,4462,6.19,28802.07,5148,1163,3024,19,18,25,544.29,Supplier Delay,2,4653,0,100.0,89.4,High,Red,1.119,0,1,Synthetic dataset created for academic semiconductor SCM simulation,8
2024-08-28,Logic IC,Asia-Pacific,Telecom,Supplier_E,Road,8915,8870,7.5,66862.5,10048,2228,5794,24,0,10,1699.81,Unknown,0,8915,0,100.0,4.8,Low,Green,1.182,0,0,Synthetic dataset created for academic semiconductor SCM simulation,8
2024-08-29,Microcontroller,Asia-Pacific,Telecom,Supplier_C,Road,5936,6297,5.12,30392.32,6479,1484,3858,16,9,7,1132.12,Supplier Delay,3,5936,0,100.0,55.5,Medium,Orange,1.126,0,1,Synthetic dataset created for academic semiconductor SCM simulation,8
2024-08-30,Logic IC,Rest of World,Telecom,Supplier_E,Air,5758,5672,9.08,52282.64,6905,1439,3742,39,0,3,2280.97,Unknown,0,5758,0,100.0,22.8,Low,Green,1.069,0,0,Synthetic dataset created for academic semiconductor SCM simulation,8
2024-08-31,Analog IC,North America,Automotive,Supplier_D,Road,7140,6856,10.47,74755.8,4461,1785,4641,39,15,9,1451.7,Supplier Delay,5,7140,0,100.0,100.0,High,Red,1.005,0,1,Synthetic dataset created for academic semiconductor SCM simulation,8
2024-09-01,Memory Chip,Europe,Computing,Supplier_E,Sea,8668,8572,5.56,48194.08,7337,2167,5634,21,3,34,1095.46,Unknown,0,8668,0,100.0,29.3,Low,Green,1.064,0,1,Synthetic dataset created for academic semiconductor SCM simulation,9
2024-09-02,Logic IC,Asia-Pacific,Telecom,Supplier_C,Sea,9299,9236,9.14,84992.86,9946,2324,6044,23,0,19,1182.28,Unknown,0,9299,0,100.0,9.2,Low,Green,1.062,0,0,Synthetic dataset created for academic semiconductor SCM simulation,9
2024-09-03,Logic IC,North America,Telecom,Supplier_E,Air,11271,13381,6.89,77657.19,12947,2817,7326,34,0,6,5947.71,Demand Spike,3,11271,0,100.0,40.8,Medium,Orange,1.39,1,0,Synthetic dataset created for academic semiconductor SCM simulation,9
2024-09-04,Analog IC,Rest of World,Automotive,Supplier_C,Road,6552,7007,10.38,68009.76,7726,1638,4258,15,0,9,1291.08,Unknown,0,6552,0,100.0,0.0,Low,Green,1.246,0,0,Synthetic dataset created for academic semiconductor SCM simulation,9
2024-09-05,Logic IC,Rest of World,Telecom,Supplier_C,Sea,10151,11383,8.06,81817.06,12031,2537,6598,15,0,35,1274.13,Demand Spike,2,10151,0,100.0,34.4,Low,Green,1.33,1,0,Synthetic dataset created for academic semiconductor SCM simulation,9
2024-09-06,Logic IC,North America,Consumer Electronics,Supplier_E,Air,9352,10353,3.86,36098.72,4345,2338,6078,17,6,2,5073.07,Supplier Delay,5,9352,0,100.0,61.0,Medium,Orange,1.243,0,1,Synthetic dataset created for academic semiconductor SCM simulation,9
2024-09-07,Sensor IC,India,Telecom,Supplier_D,Air,5605,5964,6.82,38226.1,6542,1401,3643,38,1,9,2534.44,Logistics Delay,5,5605,0,100.0,65.1,High,Red,1.088,0,1,Synthetic dataset created for academic semiconductor SCM simulation,9
2024-09-08,Analog IC,North America,Computing,Supplier_C,Road,6497,6823,9.55,62046.35,5313,1624,4223,27,11,7,1289.19,Supplier Delay,1,6497,0,100.0,54.9,Medium,Orange,1.256,0,1,Synthetic dataset created for academic semiconductor SCM simulation,9
2024-09-09,Power IC,Asia-Pacific,Automotive,Supplier_A,Sea,4281,4613,9.49,40626.69,3203,1070,2782,12,0,28,583.66,Unknown,0,4281,0,100.0,12.8,Low,Green,1.267,0,0,Synthetic dataset created for academic semiconductor SCM simulation,9
2024-09-10,Microcontroller,India,Telecom,Supplier_D,Multimodal,3656,3519,10.5,38388.0,3116,914,2376,28,0,14,760.51,Unknown,0,3656,0,100.0,11.2,Low,Green,0.992,0,0,Synthetic dataset created for academic semiconductor SCM simulation,9
2024-09-11,Sensor IC,Rest of World,Computing,Supplier_C,Multimodal,6330,6617,3.55,22471.5,6081,1582,4114,25,0,16,1683.82,Unknown,0,6330,0,100.0,9.2,Low,Green,1.156,0,0,Synthetic dataset created for academic semiconductor SCM simulation,9
2024-09-12,Memory Chip,India,Computing,Supplier_D,Air,9317,9706,8.34,77703.78,7245,2329,6056,35,0,5,4420.21,Unknown,0,9317,0,100.0,18.0,Low,Green,1.086,0,0,Synthetic dataset created for academic semiconductor SCM simulation,9
2024-09-13,Logic IC,India,Consumer Electronics,Supplier_C,Multimodal,8090,8638,4.59,37133.1,7711,2022,5258,12,3,31,2190.44,Logistics Delay,1,8090,0,100.0,33.7,Low,Green,1.247,0,1,Synthetic dataset created for academic semiconductor SCM simulation,9
2024-09-14,Sensor IC,Asia-Pacific,Industrial,Supplier_A,Air,6318,6855,5.95,37592.1,3356,1579,4106,22,0,2,2842.35,Demand Spike,5,6318,0,100.0,42.4,Medium,Orange,1.234,1,0,Synthetic dataset created for academic semiconductor SCM simulation,9
2024-09-15,Sensor IC,Europe,Telecom,Supplier_E,Sea,5525,5384,2.63,14530.75,5485,1381,3591,40,15,31,561.93,Supplier Delay,5,5525,0,100.0,100.0,High,Red,1.042,0,1,Synthetic dataset created for academic semiconductor SCM simulation,9
2024-09-16,Logic IC,Rest of World,Automotive,Supplier_D,Air,10249,13313,3.2,32796.8,9277,2562,6661,33,0,4,5762.2,Demand Spike,3,10249,0,100.0,39.6,Medium,Orange,1.235,1,0,Synthetic dataset created for academic semiconductor SCM simulation,9
2024-09-17,Logic IC,North America,Consumer Electronics,Supplier_C,Multimodal,8135,8743,2.77,22533.95,5207,2033,5287,24,0,10,2177.65,Unknown,0,8135,0,100.0,4.8,Low,Green,1.058,0,0,Synthetic dataset created for academic semiconductor SCM simulation,9
2024-09-18,Sensor IC,North America,Computing,Supplier_B,Road,4563,4338,2.6,11863.8,3040,1140,2965,28,0,15,919.11,Logistics Delay,3,4563,0,100.0,36.0,Medium,Orange,0.936,0,1,Synthetic dataset created for academic semiconductor SCM simulation,9
2024-09-19,Sensor IC,Asia-Pacific,Telecom,Supplier_E,Road,8133,9747,2.85,23179.05,4251,2033,5286,25,0,6,1770.04,Demand Spike,5,8133,0,100.0,46.0,Medium,Orange,1.402,1,0,Synthetic dataset created for academic semiconductor SCM simulation,9
2024-09-20,Analog IC,Europe,Consumer Electronics,Supplier_D,Air,8222,8752,6.3,51798.6,6010,2055,5344,29,0,5,3941.24,Demand Spike,2,8222,0,100.0,26.8,Low,Green,1.201,1,0,Synthetic dataset created for academic semiconductor SCM simulation,9
2024-09-21,Analog IC,Europe,Consumer Electronics,Supplier_B,Multimodal,5621,6159,5.45,30634.45,5688,1405,3653,31,0,21,1369.41,Unknown,0,5621,0,100.0,20.4,Low,Green,1.238,0,0,Synthetic dataset created for academic semiconductor SCM simulation,9
2024-09-22,Memory Chip,India,Consumer Electronics,Supplier_C,Air,9664,10446,10.71,103501.44,9661,2416,6281,13,0,2,4687.61,Unknown,0,9664,0,100.0,0.0,Low,Green,1.087,0,0,Synthetic dataset created for academic semiconductor SCM simulation,9
2024-09-23,Memory Chip,Asia-Pacific,Telecom,Supplier_C,Sea,10806,10736,10.6,114543.6,14383,2701,7023,19,13,31,1368.28,Supplier Delay,4,10806,0,100.0,92.7,High,Red,1.052,0,1,Synthetic dataset created for academic semiconductor SCM simulation,9
2024-09-24,Analog IC,India,Telecom,Supplier_B,Sea,6223,8815,7.03,43747.69,2572,1555,4044,29,0,28,1140.64,Inventory Shortage,3,6223,0,100.0,47.6,Medium,Orange,1.647,0,0,Synthetic dataset created for academic semiconductor SCM simulation,9
2024-09-25,Sensor IC,North America,Computing,Supplier_A,Road,5117,5101,2.25,11513.25,3036,1279,3326,23,0,6,1151.67,Unknown,0,5117,0,100.0,3.6,Low,Green,1.088,0,0,Synthetic dataset created for academic semiconductor SCM simulation,9
2024-09-26,Analog IC,Asia-Pacific,Computing,Supplier_A,Road,7203,6974,6.93,49916.79,6240,1800,4681,34,0,13,1588.79,Logistics Delay,3,7203,0,100.0,41.6,Medium,Orange,1.043,0,1,Synthetic dataset created for academic semiconductor SCM simulation,9
